season,team,tournament_finish,finish_weight,games_played,wins,losses,first_four_games,main_bracket_games,main_bracket_wins,avg_estimated_possessions,avg_fg,avg_fga,avg_fg_pct,avg_fg2,avg_fg2a,avg_fg2_pct,avg_fg3,avg_fg3a,avg_fg3_pct,avg_ft,avg_fta,avg_ft_pct,avg_orb,avg_drb,avg_trb,avg_ast,avg_stl,avg_blk,avg_tov,avg_pf,avg_pts,avg_point_margin,avg_raw_possessions,avg_offensive_rating,avg_defensive_rating,avg_efg_pct,avg_true_shooting_pct,avg_ft_rate,avg_fg3_attempt_rate,avg_tov_pct,avg_forced_tov_pct,avg_orb_pct,avg_drb_pct,avg_opponent_fg_pct,avg_opponent_fg2_pct,avg_opponent_fg3_pct,avg_opponent_efg_pct,avg_opponent_ft_rate,avg_points_allowed,sd_defensive_rating,sd_points_allowed
2012,Cincinnati,Sweet 16,1,3,2,1,0,3,2,67.15416666666667,24,55,0.434,18.333333333333332,37,0.49100000000000005,5.666666666666667,18,0.304,10.666666666666666,15.666666666666666,0.6503333333333333,8.666666666666666,22.333333333333332,31,12.666666666666666,7.333333333333333,4.666666666666667,13.666666666666666,18.333333333333332,64.33333333333333,-1,67.44166666666666,95.84835028889898,96.9329856204402,0.4858979015334947,0.516216591799543,0.29134786117836964,0.3273002421307506,0.17908786903359883,0.1714993626540865,0.2804597701149425,0.7031746031746031,0.4043333333333333,0.4106666666666667,0.3913333333333333,0.46861737677527154,0.34258563074352544,65.33333333333333,16.842575873242975,13.650396819628847
2012,Indiana,Sweet 16,1,3,2,1,0,3,2,68.75833333333333,30.666666666666668,56.333333333333336,0.5456666666666666,24.666666666666668,41.666666666666664,0.5876666666666667,6,14.666666666666666,0.42600000000000005,10,12.666666666666666,0.7943333333333333,7.666666666666667,19.666666666666668,27.333333333333332,14.666666666666666,7,1.3333333333333333,14,17.333333333333332,77.33333333333333,1,68.68333333333334,112.3292844349743,109.93854014729735,0.6007783145464305,0.6237071473672627,0.22356414385399892,0.261406333870102,0.18802994006473453,0.15236444432022864,0.30631038647342995,0.6960858585858586,0.4796666666666667,0.5406666666666666,0.37766666666666665,0.5325767916815849,0.33675893603055257,76.33333333333333,23.613769216453225,22.368132093076824
2012,Marquette,Sweet 16,1,3,2,1,0,3,2,74.2,23.666666666666668,62,0.38166666666666665,17.333333333333332,43.333333333333336,0.4,6.333333333333333,18.666666666666668,0.3343333333333333,15.666666666666666,21.666666666666668,0.72,10.333333333333334,29,39.333333333333336,13.666666666666666,7.333333333333333,3.3333333333333335,12.333333333333334,16,69.33333333333333,6.333333333333333,74.29166666666666,92.79616943516095,84.95967561548963,0.4315850815850816,0.4776596067856688,0.3508935508935509,0.29961149961149963,0.14483365017192387,0.17453838357584336,0.26040172166427544,0.7569767441860465,0.36566666666666664,0.428,0.2723333333333333,0.4147593081411503,0.2570476752801704,63,11.391349464518024,8.660254037844387
2012,Michigan State,Sweet 16,1,3,2,1,0,3,2,63.854166666666664,26.333333333333332,54.333333333333336,0.4723333333333333,22.333333333333332,41,0.5103333333333333,4,13.333333333333334,0.32366666666666666,9.333333333333334,12.666666666666666,0.7436666666666667,8.333333333333334,26,34.333333333333336,15,5.333333333333333,2.6666666666666665,12.333333333333334,17,66,4.333333333333333,64.35000000000001,102.43522610980102,96.55292071582372,0.5113284444212468,0.539638266277157,0.24893870591714945,0.2594385580319084,0.17211207572158,0.12376021379717009,0.28641251221896386,0.8080357142857143,0.39166666666666666,0.4073333333333333,0.38066666666666665,0.46840166369578135,0.3703267973856209,61.666666666666664,4.119159115677647,5.033222956847166
2012,NC State,Sweet 16,1,3,2,1,0,3,2,68,23.333333333333332,58,0.413,18,43,0.41733333333333333,5.333333333333333,15,0.362,15.333333333333334,23,0.6816666666666666,13,22.666666666666668,35.666666666666664,11.333333333333334,4.666666666666667,4,11.333333333333334,14.666666666666666,67.33333333333333,4.666666666666667,67.25833333333333,99.1807120901369,92.35392317469434,0.4589169804367401,0.495676005849614,0.408010610817332,0.2536739781177968,0.14040953538154505,0.13767128419070201,0.3289784745551823,0.7330043859649122,0.388,0.45166666666666666,0.24633333333333332,0.43854384308368155,0.2917805100182149,62.666666666666664,6.6459700701946725,2.516611478423583
2012,Ohio,Sweet 16,1,3,2,1,0,3,2,65.73333333333333,20.666666666666668,52.333333333333336,0.41033333333333333,11.666666666666666,30.333333333333332,0.3983333333333333,9,22,0.4166666666666667,13.666666666666666,16.666666666666668,0.839,5.333333333333333,19.333333333333332,24.666666666666668,13.333333333333334,9.333333333333334,2,10,17.666666666666668,64,1,64.91666666666667,100.13168249325423,96.93554435519842,0.4966153510208538,0.5452437968266423,0.3631400807948466,0.41380063325690575,0.1417043653068267,0.17909577072797478,0.17490421455938698,0.6325611325611326,0.414,0.5023333333333333,0.25166666666666665,0.4608633717329369,0.3286593170651142,63,7.414631122780712,8.888194417315589
2012,Wisconsin,Sweet 16,1,3,2,1,0,3,2,56.75416666666667,22.333333333333332,50.666666666666664,0.442,11,24.333333333333332,0.4523333333333333,11.333333333333334,26.333333333333332,0.44933333333333336,9.333333333333334,13,0.6593333333333333,8,19.333333333333332,27.333333333333332,14.333333333333334,3,3.6666666666666665,8,14.333333333333334,65.33333333333333,8.666666666666666,56.84166666666667,115.2457213193641,100.51351919338086,0.5546176046176046,0.5753808664164564,0.2620619459905174,0.5156179138321995,0.12260177564884585,0.13764085923129826,0.3034167764602547,0.7673992673992673,0.45633333333333337,0.5003333333333334,0.384,0.5020216227101386,0.2835494975048299,56.666666666666664,18.798243232839628,7.505553499465135
2012,Xavier,Sweet 16,1,3,2,1,0,3,2,64.77083333333333,23.333333333333332,51.333333333333336,0.45766666666666667,18.333333333333332,38,0.4826666666666667,5,13.333333333333334,0.389,17.333333333333332,24,0.7243333333333334,9.333333333333334,21.333333333333332,30.666666666666668,9.666666666666666,5,3.6666666666666665,11,14.666666666666666,69,3.6666666666666665,64.4,106.89185110545232,101.15952627501446,0.507144861311528,0.5519685989477003,0.47703222703222703,0.25763588263588266,0.1492431874819973,0.14264146381263737,0.3222912353347136,0.7153761214630779,0.449,0.5236666666666666,0.29933333333333334,0.502078298424633,0.2472625014918248,65.33333333333333,13.51884297489834,8.736894948054104
2012,Baylor,Elite Eight,2,4,3,1,0,4,3,68.278125,26.25,59.25,0.445,19.25,42,0.46149999999999997,7,17.25,0.39225,13.75,17.75,0.78025,10.75,20.75,31.5,15,6.75,3.5,12,19.25,73.25,4.5,68.93125,107.51529861794552,100.37015661029022,0.5042937120445344,0.5431592025349257,0.302088604925776,0.29475581983805665,0.1509756425142145,0.16226922579630143,0.3750085251491901,0.7595376121463078,0.45825,0.5295000000000001,0.3275,0.5132837301587302,0.5098225957049486,68.75,8.74900159202164,9.776672917374976
2012,Florida,Elite Eight,2,4,3,1,0,4,3,66.653125,26,53.25,0.49075,18.75,28.75,0.6555,7.25,24.5,0.2975,13.5,18.75,0.72525,8.5,28.25,36.75,14,4.75,4,12.25,13,72.75,16.5,65.90625,109.34025644309939,84.40938681450902,0.5595285683829017,0.5860167346598815,0.3554225295810681,0.45913948406353267,0.16517263319882425,0.12290751093223047,0.29662698412698413,0.7975270585526053,0.35350000000000004,0.41125,0.24875,0.3929425184744334,0.2341646828348956,56.25,17.78049049777847,11.786291472158096
2012,North Carolina,Elite Eight,2,4,3,1,0,4,3,75.028125,28.5,64.75,0.44025000000000003,23,46.5,0.49325,5.5,18.25,0.3035,13.5,19.75,0.69175,12.5,28.75,41.25,16.5,6.75,7.25,13.5,12,76,7,75.13125000000001,101.73173223185174,92.39845343233412,0.48251201923076925,0.5124864951536818,0.3045673076923077,0.2817908653846154,0.14969338667773463,0.14385586681491538,0.33001446568519743,0.7360310421286032,0.39825,0.4245,0.307,0.4479343380544706,0.19927078812745758,69,15.39267243254412,9.556847457887633
2012,Syracuse,Elite Eight,2,4,3,1,0,4,3,62.075,24.25,50.75,0.48075,18.75,36.5,0.515,5.5,14.25,0.45375000000000004,16.25,21.75,0.71425,8.75,18.5,27.25,10.75,5.25,5.25,10,18.5,70.25,4.25,62.33125,113.93139115165334,106.95173147178596,0.535647033970821,0.5780767515012607,0.43209686390279384,0.27406863688871774,0.13894880601643836,0.1385071215452415,0.31255175983436856,0.5964230979748222,0.39575,0.39175000000000004,0.36325,0.47152517723507315,0.419635018186379,66,12.404287812332,7.745966692414834
2012,Louisville,Final Four,3,5,4,1,0,5,4,64.88,23,56.8,0.4084,17.6,42.8,0.41559999999999997,5.4,14,0.3594,12.2,17.4,0.6852,9.6,22,31.6,10,6.8,4.6,9.6,16,63.6,3.8,65.065,98.09065354492549,91.92162816561081,0.45703189926016013,0.4927765765006,0.3161426978818283,0.2505845241714807,0.12923079330347145,0.1785190739824045,0.27605305843267536,0.7214764449378201,0.4208,0.488,0.2704,0.46697865353037765,0.3098651184611776,59.8,12.760932230528189,10.256705123966467
2012,Ohio State,Final Four,3,5,4,1,0,5,4,69.06,23.8,55.4,0.4306,17,37.4,0.45740000000000003,6.8,18,0.375,19.8,25.6,0.7922,11,23.4,34.4,11.8,7.2,4.6,12.6,16.8,74.2,9.2,69.16,107.4619469027439,94.39660015276128,0.49186291313499475,0.5494557018894568,0.46956161212431113,0.3251128488624037,0.1561968691183518,0.17588793710633085,0.3509708937295144,0.7411685823754789,0.414,0.447,0.3346,0.4685459718478586,0.32224967555156236,65,8.625868335535548,4
2012,Kansas,Runner-up,4,6,5,1,0,6,5,68.00625,24,59.5,0.4058333333333333,20,44.5,0.45266666666666666,4,15,0.27466666666666667,13.166666666666666,19.833333333333332,0.669,11.5,26.833333333333332,38.333333333333336,12,6.833333333333333,6,11.333333333333334,16,65.16666666666667,4.666666666666667,68.75416666666666,95.79842769842848,89.08868315310217,0.44005805704898443,0.4747880529961156,0.33605926779313877,0.2536528204471753,0.14174096619182328,0.1468849665594517,0.32673154309402186,0.6958884504321736,0.36483333333333334,0.385,0.30283333333333334,0.4123030709212881,0.2787818089402329,60.5,9.758399777158008,6.473020933072903
2012,Kentucky,Champion,5,6,6,0,0,6,6,70.42916666666667,27.833333333333332,54,0.5181666666666667,22.833333333333332,42.333333333333336,0.543,5,11.666666666666666,0.4098333333333333,20.666666666666668,28.166666666666668,0.7156666666666667,9.5,26.5,36,13.5,4.5,7.5,10.833333333333334,16.333333333333332,81.33333333333333,11.833333333333334,68.7125,115.3062125132374,98.47415560275356,0.5639213671579744,0.6023810506218504,0.5324810248173343,0.21523919753086418,0.14057681379125386,0.119911423855323,0.31468489423144924,0.7112873663019011,0.4038333333333333,0.4443333333333333,0.31983333333333336,0.4384482621618123,0.27289956868477405,69.5,12.898526414950446,11.113055385446435
2013,Arizona,Sweet 16,1,3,2,1,0,3,2,64.81666666666666,26.333333333333332,50.666666666666664,0.5206666666666666,18.333333333333332,34,0.539,8,16.666666666666668,0.48733333333333334,14.333333333333334,18.666666666666668,0.7626666666666666,7.333333333333333,29,36.333333333333336,11,4,3,12.333333333333334,20.333333333333332,75,12.333333333333334,64.53333333333333,115.67943166580473,96.713089640598,0.599906629318394,0.6307458086700132,0.3677676198684602,0.3285365428222571,0.17115425008383517,0.10625479660527841,0.28681159420289853,0.8091984592809978,0.3636666666666667,0.38666666666666666,0.3706666666666667,0.42664612264003743,0.4261888663511381,62.666666666666664,17.354856771543236,11.060440015358038
2013,Florida Gulf Coast,Sweet 16,1,3,2,1,0,3,2,70.40416666666667,24.666666666666668,50.666666666666664,0.48100000000000004,19,36,0.52,5.666666666666667,14.666666666666666,0.38433333333333336,14.666666666666666,22.333333333333332,0.6313333333333334,6.666666666666667,23.333333333333332,30,15.666666666666666,8.333333333333334,3.6666666666666665,15.333333333333334,17,69.66666666666667,2.6666666666666665,69.94166666666666,98.26237129640218,95.34993804711945,0.5361466620546523,0.5639259757746015,0.45044967139398134,0.2870690649141012,0.20434619085632524,0.1634295743246658,0.23962312197606317,0.6491071428571429,0.4013333333333333,0.46266666666666667,0.29133333333333333,0.45297895096347424,0.30970784200939505,67,5.808269955233501,4.58257569495584
2013,Indiana,Sweet 16,1,3,2,1,0,3,2,64.17916666666667,21.333333333333332,49,0.4296666666666667,16,32,0.5,5.333333333333333,17,0.2996666666666667,15.666666666666666,21.666666666666668,0.729,8.666666666666666,24,32.666666666666664,11.333333333333334,3,2.3333333333333335,12.666666666666666,11.333333333333334,63.666666666666664,5.333333333333333,63.29166666666667,99.45165439324833,90.87722871323285,0.48269933376316354,0.5329664928663234,0.44563364137832223,0.3420732144136399,0.17585934756472946,0.1543494381566225,0.2915258057245887,0.7383504008891006,0.39866666666666667,0.45,0.30833333333333335,0.44198028673835127,0.20340501792114696,58.333333333333336,8.267265433786426,5.507570547286102
2013,Kansas,Sweet 16,1,3,2,1,0,3,2,73.725,26.666666666666668,54.333333333333336,0.4856666666666667,23,42.333333333333336,0.5396666666666667,3.6666666666666665,12,0.244,16,20.333333333333332,0.77,8.333333333333334,29.666666666666668,38,14.333333333333334,5.333333333333333,7.333333333333333,17.333333333333332,14.333333333333334,73,5.666666666666667,72.99166666666666,98.73601139282381,90.88563988858408,0.5163059163059163,0.5694214404692612,0.4158730158730159,0.21327561327561326,0.21341734692730588,0.11128307579984445,0.27708850289495446,0.7061312702044967,0.37066666666666664,0.42066666666666663,0.2613333333333333,0.4108902063272119,0.21638339793848185,67.33333333333333,19.33326716944181,17.03917055884274
2013,La Salle,Sweet 16,1,4,3,1,1,3,2,64.290625,24.75,52.25,0.4775,16.25,32.25,0.5177499999999999,8.5,20,0.42325,11.25,15.5,0.717,5.25,18,23.25,12.5,5.25,3,9.75,15.25,69.25,-0.25,64.1125,108.07309624528484,108.15295796532197,0.5593170222634508,0.5854319344602538,0.2961038961038961,0.3838821892393321,0.14030016632936998,0.12584835711965933,0.20500407520867878,0.5813311688311689,0.45899999999999996,0.511,0.33125,0.5014388148160696,0.2763824867717025,69.5,6.102451566998419,5.802298395176403
2013,Miami (FL),Sweet 16,1,3,2,1,0,3,2,60.229166666666664,22.666666666666668,56.666666666666664,0.4036666666666667,13,32.333333333333336,0.4036666666666667,9.666666666666666,24.333333333333332,0.4043333333333333,12.333333333333334,16,0.758,12.333333333333334,22,34.333333333333336,12,4.666666666666667,3,8,13,67.33333333333333,7.666666666666667,59.93333333333334,111.58659020868436,99.55909957149235,0.49047989047989043,0.5267624996757794,0.289016539016539,0.43010693010693013,0.11042674184016553,0.15296336977176303,0.3652597402597403,0.6539586144849303,0.4166666666666667,0.44566666666666666,0.36833333333333335,0.4736976320582878,0.23281926735478647,59.666666666666664,20.652333449239283,11.015141094572204
2013,Michigan State,Sweet 16,1,3,2,1,0,3,2,65.6375,24,53.333333333333336,0.44933333333333336,19.666666666666668,39,0.5076666666666667,4.333333333333333,14.333333333333334,0.3,13,19,0.674,11.666666666666666,27.666666666666668,39.333333333333336,12,7.333333333333333,4.666666666666667,15,18,65.33333333333333,7.666666666666667,65.69166666666666,99.58442242452747,88.54325128918633,0.48948717948717946,0.5237427328460535,0.36424403183023873,0.2687709991158267,0.19190049889077482,0.11460628061596584,0.3998897160187483,0.8184169278996866,0.35233333333333333,0.3913333333333333,0.29533333333333334,0.41073200113378683,0.3153738347190728,57.666666666666664,21.656340760193025,11.930353445448855
2013,Oregon,Sweet 16,1,3,2,1,0,3,2,70.42916666666667,26,57.666666666666664,0.45366666666666666,19,42,0.44966666666666666,7,15.666666666666666,0.48266666666666663,11.333333333333334,18,0.6266666666666667,11.333333333333334,26.666666666666668,38,14,8.333333333333334,3.3333333333333335,16,20,70.33333333333333,7.333333333333333,70.88333333333333,99.86296297141465,89.63842887430596,0.5150024203089257,0.5343167965866908,0.3121691734776082,0.2699789074882786,0.19465825208856888,0.17285531466329035,0.3279580797836376,0.831752055660974,0.4396666666666667,0.5343333333333333,0.24833333333333332,0.47816884373488144,0.40118529269472664,63,18.771444303896565,12.165525060596439
2013,Duke,Elite Eight,2,4,3,1,0,4,3,65.57187499999999,21.25,49,0.437,15.75,32.75,0.47675,5.5,16.25,0.33825,20.25,25.75,0.78425,5.5,23.25,28.75,11.25,5.75,3.5,9.5,19.5,68.25,4,65.23125,104.48022977544997,97.611774662177,0.4932641116647328,0.5607019812041887,0.524256023479626,0.33058323663913725,0.13426235034554013,0.13968923581469625,0.20334682907909374,0.7388315059060331,0.3985,0.443,0.27725,0.4370330848396886,0.44546510093679903,64.25,18.893817944158332,14.773286702694158
2013,Florida,Elite Eight,2,4,3,1,0,4,3,66.01249999999999,23.75,52.75,0.45999999999999996,18,36.25,0.52075,5.75,16.5,0.325,16.25,24.75,0.6467499999999999,10.75,21.25,32,12.75,8.75,2.75,11.75,13,69.5,9.5,65.50625,105.94423627064289,90.60066601510249,0.5212784120247451,0.5467135283581595,0.5142755884505237,0.3316330397326946,0.1559239293683492,0.1979394261050625,0.33896103896103896,0.7609624570831468,0.41925,0.434,0.3805,0.4771153846153846,0.2775,60,19.319334842443972,14.674240468703426
2013,Marquette,Elite Eight,2,4,3,1,0,4,3,63.334375,20.5,53.75,0.38425,16.75,39.25,0.41675,3.75,14.5,0.326,16,20.25,0.782,11.75,22.5,34.25,9.5,5.5,4.25,12,16,60.75,-0.75,63.61875,95.39573700659932,96.95684725706188,0.41906238704547094,0.47926038059238546,0.37736824983734546,0.26813525627123547,0.15885433937232712,0.13381691767922865,0.37394766455565004,0.7226862519201229,0.39275,0.41400000000000003,0.35325,0.4619362491373361,0.34700569358178057,61.5,4.610311976487841,7.416198487095663
2013,Ohio State,Elite Eight,2,4,3,1,0,4,3,72.334375,25,58.25,0.43074999999999997,18,40.5,0.443,7,17.75,0.42625,21,26.5,0.7925,7.25,23.75,31,13.25,6,5,9,19.25,78,6.75,72.5875,107.96894416589,99.55828454995729,0.4932633655472739,0.5543459246251068,0.46453368925496774,0.30961265249577086,0.11340189740420212,0.1728102777759818,0.2323478701825558,0.7103632478632479,0.40275,0.43125,0.35675,0.4745925684485007,0.38495762711864406,71.25,12.632375278431697,2.5
2013,Syracuse,Final Four,3,5,4,1,0,5,4,64.2175,21.6,50.2,0.4292,17.4,37.8,0.457,4.2,12.4,0.3526,16.4,24.4,0.6724,8.8,25.2,34,10.6,9.8,6.2,10.6,14.2,63.8,15,63.589999999999996,99.02293797443545,76.24955376053069,0.47134230262491134,0.5144480662239682,0.49682497212932,0.2463617107530151,0.14478566723527225,0.19378446205456154,0.28565975140805017,0.6899449604403165,0.3118,0.3986,0.19440000000000002,0.3536135378367414,0.35027830347982897,48.8,19.4523918100087,12.153188881935472
2013,Wichita State,Final Four,3,5,4,1,0,5,4,67.205,23.6,55.8,0.4232,16.6,35.8,0.4742,7,20,0.3434,17.6,23,0.7566,11.4,22.6,34,12.2,7,5,11.2,19.6,71.8,7.6,66.525,107.21588444799195,96.16278904233556,0.4873757642472904,0.5415118177609486,0.4330676010011054,0.37132423282717814,0.1444734336063862,0.1398863048212509,0.3639007519413199,0.6865894452154727,0.365,0.424,0.2712,0.419551624947469,0.44297133011458417,64.2,15.491264891787639,7.429670248402684
2013,Michigan,Runner-up,4,6,5,1,0,6,5,66.89583333333333,28.333333333333332,58.666666666666664,0.483,20.166666666666668,38,0.5301666666666667,8.166666666666666,20.666666666666668,0.40016666666666667,10.5,15.833333333333334,0.6778333333333333,9.5,22.666666666666668,32.166666666666664,15.666666666666666,6.833333333333333,2.3333333333333335,10.166666666666666,11,75.33333333333333,10.166666666666666,66.85416666666667,112.48476321990411,97.18570259873022,0.5535329750932328,0.5707616647606977,0.28076635676456296,0.35684187332141093,0.13442292949327048,0.15476976782909094,0.31550150629097995,0.7268001152073733,0.44533333333333336,0.5068333333333334,0.2813333333333333,0.482118042123695,0.21490503168711195,65.16666666666667,17.802278910264135,14.358505028959897
2013,Louisville,Champion,5,6,6,0,0,6,6,66.04375,28.166666666666668,54.333333333333336,0.5185,22.833333333333332,39,0.5866666666666667,5.333333333333333,15.333333333333334,0.3546666666666667,17.833333333333332,25.666666666666668,0.7016666666666667,10.833333333333334,19.666666666666668,30.5,12.333333333333334,10.833333333333334,4,10.666666666666666,20.666666666666668,79.5,16.166666666666668,66.35833333333333,120.51916768314771,96.21757260011915,0.5679976888407802,0.5982173516923042,0.47635191737455596,0.2864659099826937,0.13791366499869076,0.20343006508843847,0.3701843129679615,0.7078683828603906,0.43766666666666665,0.47716666666666663,0.35716666666666663,0.4966478698169355,0.4252217133089784,63.333333333333336,16.70234781435801,10.03327796219494
2014,Baylor,Sweet 16,1,3,2,1,0,3,2,63.949999999999996,21.666666666666668,48.666666666666664,0.453,16.666666666666668,33.333333333333336,0.5176666666666667,5,15.333333333333334,0.29933333333333334,22,29,0.7456666666666667,6.666666666666667,24.333333333333332,31,12.666666666666666,4.666666666666667,2.6666666666666665,8.666666666666666,14.333333333333334,70.33333333333333,9,64.44166666666666,110.36254015828403,96.1379172276527,0.505741303613644,0.5711908799913874,0.6351517090598837,0.3185534758883023,0.12107724030556288,0.13742467488998478,0.24715099715099714,0.7822721093021426,0.44533333333333336,0.565,0.25766666666666665,0.49234831979930016,0.284029840892586,61.333333333333336,12.428902372901737,7.094598884597588
2014,Iowa State,Sweet 16,1,3,2,1,0,3,2,71.82916666666667,32,63.333333333333336,0.513,23,43.666666666666664,0.5333333333333333,9,19.666666666666668,0.45533333333333337,11.666666666666666,17.333333333333332,0.663,9.666666666666666,21,30.666666666666668,17,5,3,10.666666666666666,16,84.66666666666667,5,72.56666666666666,118.82036634362363,111.32269501973201,0.5852437417654809,0.6004616737373047,0.275494071146245,0.3116381203337725,0.1290079912357399,0.1141529489861609,0.33652312599681017,0.7494763301214914,0.48433333333333334,0.5193333333333333,0.39566666666666667,0.5461904761904762,0.27963369963369966,79.66666666666667,6.84513369883496,4.163331998932265
2014,Louisville,Sweet 16,1,3,2,1,0,3,2,68.39166666666667,22.666666666666668,52.333333333333336,0.43466666666666665,18,37.333333333333336,0.48666666666666664,4.666666666666667,15,0.30933333333333335,18.666666666666668,27.333333333333332,0.6676666666666666,11,21.666666666666668,32.666666666666664,11.666666666666666,8.666666666666666,5.333333333333333,13.333333333333334,20,68.66666666666667,5.666666666666667,67.65,100.53835226936404,92.62854483960216,0.4795019894750353,0.5272298563914198,0.5200406062939755,0.2887737599327896,0.169453943318639,0.19225661472456326,0.3565651036915405,0.6999138853977563,0.4276666666666667,0.492,0.29533333333333334,0.4497819482281192,0.401520196414758,63,20.427748580553576,11.532562594670797
2014,San Diego State,Sweet 16,1,3,2,1,0,3,2,63.099999999999994,21,52.333333333333336,0.4036666666666667,15.333333333333334,36.666666666666664,0.4196666666666667,5.666666666666667,15.666666666666666,0.359,19,24.666666666666668,0.7703333333333333,9,25.333333333333332,34.333333333333336,7,4.666666666666667,4.333333333333333,8.333333333333334,18,66.66666666666667,5.666666666666667,63.38333333333333,106.61153239086805,96.76754308230318,0.4593225094637524,0.5232160189351053,0.47633586334151307,0.30367707203865396,0.11341058664794464,0.11388036330306386,0.29766414141414144,0.7440917107583774,0.3993333333333333,0.43,0.304,0.43671235679214404,0.3967425895617385,61,20.06122694475056,14.730919862656235
2014,Stanford,Sweet 16,1,3,2,1,0,3,2,68.33749999999999,20.666666666666668,51.333333333333336,0.4046666666666667,16.333333333333332,36.333333333333336,0.44533333333333336,4.333333333333333,15,0.257,17.666666666666668,25.333333333333332,0.6983333333333333,8,24.666666666666668,32.666666666666664,8.666666666666666,7.666666666666667,4.666666666666667,12.666666666666666,19.333333333333332,63.333333333333336,-0.6666666666666666,68.03333333333333,92.57346956741188,93.23575252228679,0.44620335294792896,0.5007372900935033,0.48969859403776184,0.28656025873298696,0.16716448043313206,0.1426740448816333,0.24417453891138102,0.743943523355288,0.392,0.46266666666666667,0.2836666666666667,0.4420866489832007,0.3746684350132626,64,19.26801894304188,15.716233645501712
2014,Tennessee,Sweet 16,1,4,3,1,1,3,2,64.41875,27.75,55.5,0.49925,23.75,38.5,0.6165,4,17,0.23175,20,25.25,0.7657499999999999,11,23.5,34.5,13.75,4.75,3,8.25,13.5,79.5,12.5,64.74375,124.30937869169647,104.9618944716559,0.5355995734285208,0.5883347501264207,0.45686707298549406,0.30796783625730995,0.10782786289401897,0.1216239946374801,0.4006856898611626,0.7866862262146238,0.4605,0.49975,0.35925,0.5217031879883911,0.19979507743240432,67,12.815557715179136,4.320493798938574
2014,UCLA,Sweet 16,1,3,2,1,0,3,2,67.99583333333334,28.333333333333332,60,0.47633333333333333,24.333333333333332,44,0.558,4,16,0.2553333333333333,13,17.666666666666668,0.7506666666666667,7.666666666666667,22.666666666666668,30.333333333333332,17,7.333333333333333,4,7,16.333333333333332,73.66666666666667,7.666666666666667,67.725,108.85547515894667,96.87127860577391,0.5100727201257862,0.5407298002188868,0.30214416741539385,0.26645639912149344,0.09024571182541496,0.15461353979833992,0.23922228824189612,0.7234278266536331,0.4063333333333333,0.4563333333333333,0.336,0.47035692679975805,0.278886872353297,66,12.97519250765372,11.269427669584644
2014,Virginia,Sweet 16,1,3,2,1,0,3,2,62.62083333333333,23.666666666666668,50.333333333333336,0.47733333333333333,17.333333333333332,35,0.5016666666666666,6.333333333333333,15.333333333333334,0.4196666666666667,15.333333333333334,19.333333333333332,0.7926666666666666,4.333333333333333,24.333333333333332,28.666666666666668,13,4,5,7.666666666666667,16,69,9,62.85,109.98877391633889,96.01683128692271,0.5434535412605588,0.5870462556804543,0.4065139701104613,0.31483105912930476,0.11432621298260648,0.1143989030933294,0.16177908113391984,0.8140211640211641,0.42466666666666664,0.443,0.354,0.48073446327683617,0.33963697559802863,60,5.484993413948324,1
2014,Arizona,Elite Eight,2,4,3,1,0,4,3,64.228125,26,54.75,0.47850000000000004,20,40.75,0.49775,6,14,0.43074999999999997,13.25,19,0.68775,8,21.75,29.75,15.25,5.75,7.25,8,17.75,71.25,9.25,63.775,110.84953288702584,97.20085083442783,0.5343167026131099,0.5619813588567111,0.3565793838479107,0.25704631196427086,0.1136940394029951,0.15269234234341011,0.2680450336700337,0.6639046717171717,0.37275,0.37625,0.3565,0.42485909200261196,0.32433756057325497,62,10.681294382012378,2.449489742783178
2014,Dayton,Elite Eight,2,4,3,1,0,4,3,63.262499999999996,22,50.25,0.43525,15.5,32.75,0.4665,6.5,17.5,0.36525,11.75,17.25,0.69075,6.75,21.25,28,13.5,7.5,2.5,11,18.5,62.25,0.75,62.693749999999994,97.74654140392202,97.4198967062727,0.49990326902875093,0.528619905303547,0.3382964130179808,0.3461709833858581,0.15985335549507673,0.14315789085336805,0.23676108374384236,0.7038012996897137,0.40575,0.47075,0.20525,0.4370965038314176,0.412889527458493,61.5,9.97607260851525,7.937253933193772
2014,Michigan,Elite Eight,2,4,3,1,0,4,3,58.878125,25,51.5,0.48675,15.25,30.75,0.49175,9.75,20.75,0.46275,10.5,13.5,0.76575,7.75,17,24.75,14,5.5,1.25,8.25,11.75,70.25,7.5,58.4125,119.17965939551061,106.24772971799086,0.5816937313954313,0.607243421475443,0.25855918263567823,0.403009118725039,0.12675456099653726,0.1227485598959659,0.2972576211894053,0.576170554428668,0.44275000000000003,0.49275,0.3315,0.4749353938448657,0.19220135543593805,62.75,25.240004942326074,15.713582235335986
2014,Michigan State,Elite Eight,2,4,3,1,0,4,3,66.621875,24.25,51.5,0.46625,16,30.75,0.50525,8.25,20.75,0.39875,15.25,18.25,0.8365,7,24.25,31.25,14.75,5.75,2.5,12.5,19.75,72,4.5,65.66875,106.95079124838293,101.00339194124388,0.5471252860411899,0.5923345821452068,0.34732131264794736,0.4090034724878802,0.17344924002518697,0.10369884733188416,0.2636941425120773,0.787946925154934,0.36924999999999997,0.3975,0.32825,0.42738242629361933,0.505588462702947,67.5,4.411125419781857,9.46924847422786
2014,Florida,Final Four,3,5,4,1,0,5,4,60.777499999999996,23.2,52.4,0.4408,18.8,36.8,0.509,4.4,15.6,0.26280000000000003,13.6,18.6,0.7234,9.6,22,31.6,11,5.8,4.2,8.8,12,64.4,7.8,60.434999999999995,105.72525417622296,93.00903063502278,0.4817924583626554,0.5248210874756786,0.3648721557588553,0.29367522871217455,0.12461796298519694,0.14738831043508158,0.3160086206896552,0.8069520292644025,0.4282,0.4728,0.3142,0.4767790982672139,0.2191048221614227,56.6,10.660669560282322,9.071934744033381
2014,Wisconsin,Final Four,3,5,4,1,0,5,4,62.2875,25.6,54.8,0.4692,17.4,34,0.519,8.2,20.8,0.3912,13.8,18.2,0.7804,8.4,23,31.4,13.6,3.6,2.2,8.2,15.8,73.2,13,63.245,117.50441084636714,96.07774158152408,0.544480849590782,0.5788287938119974,0.33495512202358874,0.38027767475212026,0.1148480157493211,0.12596533655624964,0.27096606458675426,0.75436939268461,0.3986,0.4214,0.3322,0.44111160505082186,0.36815743858584743,60.2,25.209538513396005,17.19592975096142
2014,Kentucky,Runner-up,4,6,5,1,0,6,5,61.74375,24.666666666666668,52.833333333333336,0.4635,19.666666666666668,39.666666666666664,0.494,5,13.166666666666666,0.391,14.166666666666666,21,0.6605,11.333333333333334,20.666666666666668,32,9.166666666666666,4.5,4,10.833333333333334,14.333333333333334,68.5,2,62.30833333333334,110.98451368578445,107.84598981941922,0.5117414020262596,0.5442274824463843,0.40406205987915134,0.25637226841124894,0.14685811184392317,0.12162515084533591,0.3989728941237562,0.7395501158151083,0.45816666666666667,0.518,0.3476666666666667,0.522301553524422,0.3103362629394691,66.5,17.04442319902177,10.173494974687902
2014,Connecticut,Champion,5,6,6,0,0,6,6,65.55624999999999,23.666666666666668,52.166666666666664,0.45616666666666666,16.166666666666668,32.833333333333336,0.49433333333333335,7.5,19.333333333333332,0.3903333333333333,16.833333333333332,19.166666666666668,0.8865000000000001,5.666666666666667,23.666666666666668,29.333333333333332,10,7.333333333333333,3.1666666666666665,9.166666666666666,16.333333333333332,71.66666666666667,7.833333333333333,64.77083333333333,108.78668508526268,96.79648168792205,0.5271102180622333,0.5856068889602661,0.3702460433344906,0.3691319455946799,0.13203813832285127,0.17645971989522155,0.2161558109833972,0.741084097936412,0.4145,0.45899999999999996,0.30916666666666665,0.4812210713593006,0.38196582981018495,63.833333333333336,10.77166524974295,12.28684933848652
2015,NC State,Sweet 16,1,3,2,1,0,3,2,66,25,59.666666666666664,0.42,19.333333333333332,41.333333333333336,0.466,5.666666666666667,18.333333333333332,0.31033333333333335,11.666666666666666,16,0.723,10.333333333333334,26,36.333333333333336,10.666666666666666,2.3333333333333335,3,8.666666666666666,18.333333333333332,67.33333333333333,-2,65.60000000000001,102.06038829450357,105.14563567437493,0.4671955403087478,0.500983143664228,0.28294263388603014,0.3015056222603393,0.11379614821380474,0.07886260002232437,0.302046783625731,0.7408521303258145,0.4036666666666667,0.432,0.30133333333333334,0.45156344869459625,0.4145719489981785,69.33333333333333,9.305379557938348,5.131601439446884
2015,North Carolina,Sweet 16,1,3,2,1,0,3,2,67.09166666666667,26.666666666666668,55,0.48833333333333334,21,45,0.4676666666666667,5.666666666666667,10,0.5763333333333334,16.333333333333332,22.666666666666668,0.6886666666666666,11.333333333333334,21.666666666666668,33,13.333333333333334,6,2,12.333333333333334,21,75.33333333333333,1.3333333333333333,66.76666666666667,112.54103490486906,111.50794181408725,0.5403628117913832,0.575204635563159,0.4011337868480726,0.18055555555555555,0.15495867661326831,0.12663859786159953,0.3826143790849673,0.6252662956752773,0.405,0.44133333333333336,0.34600000000000003,0.4616092241092241,0.3965784215784216,74,16.503493768567978,7.810249675906654
2015,Oklahoma,Sweet 16,1,3,2,1,0,3,2,60.854166666666664,22.333333333333332,53.666666666666664,0.41733333333333333,15.666666666666666,34,0.46166666666666667,6.666666666666667,19.666666666666668,0.3423333333333333,15,18.666666666666668,0.8056666666666666,12.333333333333334,23.333333333333332,35.666666666666664,10,5.333333333333333,4.333333333333333,10,15,66.33333333333333,3.6666666666666665,60.2,108.85033430860706,103.3043606030461,0.48027210884353744,0.5311136678542989,0.3538022545541342,0.36583015981512224,0.13700978811669434,0.11777005651699474,0.39198237693297566,0.7251789604730782,0.398,0.4056666666666667,0.39233333333333337,0.48225030593197876,0.2331793804665956,62.666666666666664,7.194978061031328,3.0550504633038935
2015,UCLA,Sweet 16,1,3,2,1,0,3,2,66.82083333333333,27,57.333333333333336,0.4723333333333333,21,43.333333333333336,0.4693333333333333,6,14,0.42900000000000005,11.333333333333334,16.666666666666668,0.6766666666666666,10.666666666666666,25.333333333333332,36,13,4,5.333333333333333,12.333333333333334,18.333333333333332,71.33333333333333,2,66.91666666666667,106.5734752631993,103.52990628873424,0.5296381263163273,0.5489041854249818,0.2976953092205882,0.25824472647766306,0.16204734932690362,0.09477724295761249,0.3317460317460318,0.6855012907644487,0.402,0.41933333333333334,0.3526666666666667,0.4609829639680386,0.28614503241368916,69.33333333333333,10.006928291069872,8.962886439832502
2015,Utah,Sweet 16,1,3,2,1,0,3,2,61.516666666666666,20.333333333333332,45.333333333333336,0.4676666666666666,14.666666666666666,31,0.49633333333333335,5.666666666666667,14.333333333333334,0.40199999999999997,16.666666666666668,22.666666666666668,0.738,8.333333333333334,19,27.333333333333332,10.333333333333334,6,4.666666666666667,13.333333333333334,15.666666666666666,63,4,61.1,102.79357333707966,95.91708068938956,0.5356725146198831,0.574509209857433,0.5482456140350878,0.32573099415204676,0.19296893841428184,0.167169586388137,0.26865079365079364,0.7106060606060606,0.4043333333333333,0.484,0.295,0.45943751237868885,0.33210536739948504,59,12.437551825149752,7.810249675906654
2015,West Virginia,Sweet 16,1,3,2,1,0,3,2,64.35416666666667,19.666666666666668,54.333333333333336,0.36333333333333334,15,37.666666666666664,0.40399999999999997,4.666666666666667,16.666666666666668,0.2713333333333333,14.666666666666666,21.666666666666668,0.6733333333333333,11.666666666666666,18.333333333333332,30,9.666666666666666,8.666666666666666,1.6666666666666667,11.666666666666666,24.666666666666668,58.666666666666664,-7.666666666666667,64.625,91.11074672646875,103.1033557127787,0.40586419753086417,0.45305309415179046,0.40651297556059457,0.3069916855631141,0.15336172635224016,0.22043409984793486,0.33201058201058203,0.6716584564860427,0.4706666666666667,0.5303333333333333,0.35433333333333333,0.536969696969697,0.5012121212121212,66.33333333333333,16.169872228070837,10.214368964029708
2015,Wichita State,Sweet 16,1,3,2,1,0,3,2,69.35416666666667,25.333333333333332,59,0.43333333333333335,20.333333333333332,42,0.484,5,17,0.27366666666666667,20.666666666666668,25.666666666666668,0.7973333333333333,9.333333333333334,22.666666666666668,32,10.333333333333334,8.333333333333334,4,8.666666666666666,17.666666666666668,76.33333333333333,2.3333333333333335,70.525,109.96462603127002,106.87395430014615,0.4791805751304305,0.5409215440533954,0.4400909922607126,0.2940648979221785,0.11028940006690098,0.15699824977360582,0.27642551273382915,0.7005291005291006,0.438,0.44666666666666666,0.42,0.5141325536062378,0.34008986685168663,74,13.729451053691001,8.18535277187245
2015,Xavier,Sweet 16,1,3,2,1,0,3,2,62.00416666666666,23.666666666666668,47,0.5236666666666667,17,29.333333333333332,0.602,6.666666666666667,17.666666666666668,0.383,16.333333333333332,20.666666666666668,0.7866666666666666,7,22.333333333333332,29.333333333333332,13,5.333333333333333,3,12,15.666666666666666,70.33333333333333,6.333333333333333,61.81666666666666,114.15303862555847,104.31431055515095,0.597922502334267,0.6351199443263672,0.4746732026143791,0.3754668534080299,0.1784714582791843,0.1138446650094714,0.305982905982906,0.729296066252588,0.43366666666666664,0.495,0.323,0.490840006176516,0.23431789939631908,64,18.1663577627387,6.082762530298219
2015,Arizona,Elite Eight,2,4,3,1,0,4,3,65.4,25.25,53.25,0.4835,20,38.75,0.5177499999999999,5.25,14.5,0.3685,22.25,25,0.8875,9.5,21.25,30.75,11.25,7.75,2.25,9.5,18,78,9.25,65.125,118.98222997445222,105.02619592414204,0.5312989719801918,0.6044252760398926,0.48497815341825873,0.26401919063174,0.12815368917236897,0.1445064023348632,0.3486111111111111,0.8096743295019158,0.46075,0.489,0.3885,0.5254933383609854,0.4698278029160382,68.75,18.016279040533295,12.473304828045105
2015,Gonzaga,Elite Eight,2,4,3,1,0,4,3,67.021875,27.75,56.75,0.49375,22.25,40,0.5625,5.5,16.75,0.32525,13.75,20.25,0.676,9.5,25.5,35,14.75,3.75,3,9.5,14.25,74.75,6.75,66.36874999999999,110.71118692086691,101.63799876632086,0.5436244506908429,0.5647097309231063,0.3524720891563403,0.2926461855180332,0.12908710435114823,0.11055678454549889,0.3111596462747778,0.8232886904761905,0.44175000000000003,0.46599999999999997,0.36525,0.49870982389639107,0.22308842691305378,68,8.832674509969094,5.887840577551898
2015,Louisville,Elite Eight,2,4,3,1,0,4,3,63.212500000000006,23.75,55.25,0.43374999999999997,19.5,43,0.4595,4.25,12.25,0.35050000000000003,15.25,20.75,0.79175,8.75,21.5,30.25,11.25,4.25,4,7.5,14,67,4.75,63.85625,106.54247986307517,98.08796666912623,0.473113952020202,0.5182618951477763,0.3749289772727273,0.2239977904040404,0.1039234160925962,0.14769447931000443,0.2919047619047619,0.7224835722819594,0.41725,0.43825000000000003,0.3785,0.4832009476031215,0.22193422519509476,62.25,4.121481477147524,10.56330125166055
2015,Notre Dame,Elite Eight,2,4,3,1,0,4,3,63.94375,26.25,52,0.50625,21,37.25,0.5625,5.25,14.75,0.34825,13,17,0.766,6.25,20.5,26.75,15.5,5.5,4.25,9,14.25,70.75,4,62.825,110.85065302759163,104.91474095808499,0.5562074120428313,0.5898893526645136,0.33106797683612454,0.2804170722662587,0.1287826617085741,0.133879375703086,0.2292624521072797,0.6434294871794872,0.439,0.47800000000000004,0.312,0.47020154786112234,0.3082477805882061,66.75,9.986568376487712,2.753785273643051
2015,Kentucky,Final Four,3,5,4,1,0,5,4,64.1275,24.6,53.2,0.4644,21,42.6,0.4956,3.6,10.6,0.3868,17.8,23.6,0.7682,9.2,25.8,35,10.6,6,6.8,9.2,17.2,70.6,14,64.41,110.40842239833508,89.77184392526982,0.4989482618300198,0.5503443434155949,0.4456504024079887,0.20090351251146507,0.12382864114549925,0.13759886389376308,0.3127091108125591,0.6901744538985918,0.3578,0.3982,0.2448,0.39334196484620215,0.33087615460496816,56.6,25.980257035107606,12.621410380777577
2015,Michigan State,Final Four,3,5,4,1,0,5,4,64.905,22.6,53.8,0.42,15,33.8,0.4402,7.6,20,0.3926,13,20.8,0.6245999999999999,8.2,24.4,32.6,12.8,4.4,4.2,8.8,21.4,65.8,0.6,64.28,101.9605839670111,100.60116991020975,0.4908851674641148,0.5165605846000356,0.4126555023923445,0.36728867623604466,0.11952740642439891,0.10498131665860896,0.2549066588914786,0.6733488132094944,0.3748,0.4206,0.24059999999999998,0.4029671052631579,0.47926295853269535,65.2,11.17946447899344,10.66302021005306
2015,Wisconsin,Runner-up,4,6,5,1,0,6,5,61.99375,25.666666666666668,53.666666666666664,0.4801666666666667,17.166666666666668,32.5,0.5288333333333334,8.5,21.166666666666668,0.4093333333333333,16.166666666666668,21.166666666666668,0.7506666666666666,8.333333333333334,20.833333333333332,29.166666666666668,12,3.3333333333333335,1.3333333333333333,7.166666666666667,15.333333333333334,76,6.166666666666667,62.55416666666667,122.45014836939798,112.59202598940438,0.5610197653742736,0.5981165893708569,0.41453661610363635,0.39450538412086145,0.1013451829176339,0.09608031119780384,0.28815164998146087,0.7788177339901478,0.483,0.4816666666666667,0.486,0.531291806654405,0.3174573796956515,69.83333333333333,6.162375042098247,5.23131595936115
2015,Duke,Champion,5,6,6,0,0,6,6,63.41041666666667,25.833333333333332,51.833333333333336,0.4975,20.333333333333332,37.833333333333336,0.5391666666666667,5.5,14,0.3705,14.666666666666666,19.666666666666668,0.7735,6.666666666666667,26.333333333333332,33,12.666666666666666,6.833333333333333,4.166666666666667,8,13.166666666666666,71.83333333333333,15.5,62.50833333333333,113.1320684213321,88.89012954778943,0.5493720821661998,0.5877501654459802,0.3908072084052476,0.2664010553716436,0.11447804102597192,0.14547479960392062,0.2506963658322354,0.7290425257530521,0.382,0.421,0.26716666666666666,0.4213502178369335,0.1891841250264088,56.333333333333336,8.108600197799905,5.278888771954441
2016,Duke,Sweet 16,1,3,2,1,0,3,2,69.40416666666667,26,54.333333333333336,0.47933333333333333,18.666666666666668,34.333333333333336,0.533,7.333333333333333,20,0.35433333333333333,18,24.666666666666668,0.732,7,26,33,11.666666666666666,4.666666666666667,6,9,18.333333333333332,77.33333333333333,0.3333333333333333,68.05,111.22454674767876,110.55558632784225,0.5480246913580247,0.5850957317702422,0.45684452814396315,0.3702197112366604,0.12050308768810727,0.11238516007416297,0.23333333333333334,0.6824873654141947,0.43933333333333335,0.492,0.344,0.5022247360482655,0.24698340874811464,77,7.703176215783894,11.357816691600547
2016,Gonzaga,Sweet 16,1,3,2,1,0,3,2,67.59583333333333,27.333333333333332,57.333333333333336,0.47400000000000003,19.666666666666668,38.333333333333336,0.5093333333333333,7.666666666666667,19,0.4026666666666667,7.666666666666667,10.666666666666666,0.7666666666666667,9.333333333333334,28,37.333333333333336,14.666666666666666,6,4.333333333333333,14.333333333333334,15.333333333333334,70,12,67.39999999999999,103.84121387632656,86.44853621899755,0.5407937690724576,0.5601175104686282,0.18808991554893195,0.33228834007522534,0.1847968615802135,0.1458343070118797,0.32778371320037986,0.7719858156028369,0.369,0.38833333333333336,0.33,0.4156208897747766,0.2516169710775739,58,13.876290406776384,5.5677643628300215
2016,Indiana,Sweet 16,1,3,2,1,0,3,2,72.34583333333333,29,56.666666666666664,0.5133333333333333,19.333333333333332,33.666666666666664,0.5626666666666666,9.666666666666666,23,0.431,18.333333333333332,22.333333333333332,0.819,8.333333333333334,20.333333333333332,28.666666666666668,16.333333333333332,5.666666666666667,3.3333333333333335,11.666666666666666,21.666666666666668,86,5.333333333333333,70.60833333333333,118.69778391423571,111.25375088589047,0.5972323621158824,0.6404782551240126,0.3947755580628747,0.4034294963975723,0.14804529219908333,0.16020223542460343,0.2977236871760198,0.6763649425287356,0.4706666666666667,0.5276666666666666,0.32533333333333336,0.5203263535182041,0.3902253812040581,80.66666666666667,22.84945650233,17.95364401266031
2016,Iowa State,Sweet 16,1,3,2,1,0,3,2,69.85833333333333,29.666666666666668,56.333333333333336,0.5283333333333333,20.333333333333332,36,0.5686666666666667,9.333333333333334,20.333333333333332,0.456,12.333333333333334,18.666666666666668,0.635,4,23.666666666666668,27.666666666666668,16,7,2.3333333333333335,8,15.333333333333334,81,5.666666666666667,69.2,116.19421487781932,107.66617042471081,0.6114915940977261,0.6211423525402998,0.32699111030478956,0.36204342041606197,0.10827351378243466,0.11957025918558646,0.12938271604938273,0.7889880952380952,0.4716666666666667,0.5409999999999999,0.3253333333333333,0.5266660575048733,0.3328663092917479,75.33333333333333,11.266064714132218,12.503332889007368
2016,Maryland,Sweet 16,1,3,2,1,0,3,2,69.5375,22.333333333333332,49.333333333333336,0.45633333333333337,17.333333333333332,27.333333333333332,0.6343333333333333,5,22,0.21566666666666667,22,26,0.8306666666666667,3.6666666666666665,25.333333333333332,29,9,5.666666666666667,5.666666666666667,10.666666666666666,19.333333333333332,71.66666666666667,0.6666666666666666,68.68333333333334,103.16865140604129,102.12995283758885,0.5084385521885522,0.5844575938075554,0.536489898989899,0.4468855218855219,0.14783476086727476,0.12247988764197457,0.14985994397759103,0.6876842403628117,0.4013333333333333,0.44366666666666665,0.29633333333333334,0.4468679215808795,0.280376994975136,71,14.30443145779707,9.848857801796104
2016,Miami (FL),Sweet 16,1,3,2,1,0,3,2,65.5625,23.333333333333332,46.333333333333336,0.5096666666666667,16,31.666666666666668,0.5083333333333333,7.333333333333333,14.666666666666666,0.5013333333333333,17,23.333333333333332,0.7176666666666667,6.333333333333333,21.666666666666668,28,9.333333333333334,7,3.6666666666666665,13.666666666666666,17,71,-2.6666666666666665,64.75,108.63393776029788,114.40725547086342,0.5912584850621432,0.6253874363045551,0.5038295107350725,0.3184231263738543,0.195633944138664,0.13535765190972368,0.2414814814814815,0.6731514796530277,0.452,0.461,0.4416666666666667,0.5299656585798161,0.3275728370444223,73.66666666666667,37.15072690162452,17.55942292142123
2016,Texas A&M,Sweet 16,1,3,2,1,0,3,2,81.3125,28.333333333333332,64,0.44733333333333336,21.666666666666668,37.666666666666664,0.5723333333333334,6.666666666666667,26.333333333333332,0.267,19,28.666666666666668,0.656,12,28,40,13,8.333333333333334,1.6666666666666667,15.333333333333334,18,82.33333333333333,5.666666666666667,80.95,100.75338026353522,94.36819586896739,0.4997825035005354,0.533312006810356,0.4483671032040194,0.407179186228482,0.1657306726931643,0.17070136494220264,0.33168795973674026,0.848704954954955,0.41933333333333334,0.4563333333333333,0.37533333333333335,0.50432769726248,0.31495859213250516,76.66666666666667,12.124395432969731,11.503622617824933
2016,Wisconsin,Sweet 16,1,3,2,1,0,3,2,63.016666666666666,21.666666666666668,56.333333333333336,0.383,15.666666666666666,34.333333333333336,0.45733333333333337,6,22,0.269,7,11.333333333333334,0.6273333333333333,8.666666666666666,25.666666666666668,34.333333333333336,9.666666666666666,5.666666666666667,4,11.666666666666666,15.666666666666666,56.333333333333336,0.6666666666666666,64.71666666666667,88.99730578544352,87.82362968202261,0.4353854468812475,0.45500592069546103,0.20287366962337086,0.38899829255475327,0.1558127191511467,0.1333029744439564,0.2605137395459976,0.7934180514825676,0.394,0.427,0.298,0.4321057800224467,0.2630892255892256,55.666666666666664,10.257519902427312,11.015141094572204
2016,Kansas,Elite Eight,2,4,3,1,0,4,3,70.725,29,58.25,0.49375,23.75,42.25,0.567,5.25,16,0.3335,15.75,20.25,0.761,8.75,29,37.75,15.5,5.25,4.75,12.25,19.75,79,12.25,71.36875,110.65527231762826,94.21588228656697,0.5402387729285263,0.5777063648149434,0.3439491280383121,0.28676651305683565,0.15707908028250095,0.10827532156033792,0.2903220315904139,0.8276271724547587,0.38825,0.44975,0.28600000000000003,0.4374350068228968,0.37824942772721726,66.75,5.5951841537483,8.261355820929152
2016,Notre Dame,Elite Eight,2,4,3,1,0,4,3,60.740625,25.75,49.5,0.52525,19,33.75,0.57325,6.75,15.75,0.4235,12,14.75,0.81625,7.75,18.75,26.5,12.25,4.5,4.25,11,12,70.25,-0.25,59.75625,116.07215153025584,116.98926135937884,0.5952725910660247,0.6265791385832699,0.30070560993953604,0.3214702794437014,0.16219537090271346,0.11499115630874637,0.30821371610845294,0.6094758064516129,0.46725,0.5405,0.3185,0.5254504952284558,0.19669792469956945,70.5,28.65871363995795,14.059397805975427
2016,Oregon,Elite Eight,2,4,3,1,0,4,3,68.55937499999999,27,58.25,0.4585,20.5,36.25,0.55975,6.5,22,0.29375,17,23.5,0.70425,9.5,26,35.5,13.25,4,5,9.25,16.75,77.5,11.5,69.1625,113.31162763522755,96.14120098663102,0.5136360652212801,0.5569591898765474,0.4123619670016206,0.3808585209683261,0.11774787805109624,0.14035323662805685,0.29501854795972443,0.7618517801857585,0.41425,0.4555,0.3365,0.4770499917505362,0.29273630053029603,66,15.931422595536548,11.547005383792516
2016,Virginia,Elite Eight,2,4,3,1,0,4,3,65.0875,28.75,55,0.5215000000000001,22.25,38.25,0.574,6.5,16.75,0.35625,12,16.25,0.73375,5.25,25,30.25,19.5,4.5,5.5,8.75,14,76,12.75,66.21875,116.9573931085297,96.78459767116169,0.5797881891305512,0.6046755389159726,0.29731122856187064,0.3031377615752509,0.12191964313008037,0.10324451205289693,0.20876924001924002,0.8214058572679261,0.4135,0.45325,0.33675,0.4664315034380824,0.305111068268963,63.25,15.757504885901977,12.230426539304888
2016,Oklahoma,Final Four,3,5,4,1,0,5,4,70.225,26.8,59.4,0.4516,17.2,35,0.4902,9.6,24.4,0.404,11.8,17.4,0.6528,11,20,31,14.4,5.2,4.2,13.6,18.4,75,0,70.265,106.36922967179278,107.69893278457711,0.5326423097974822,0.5527921895996575,0.2964778325123153,0.4102189381499726,0.16709985970187471,0.15486286381135558,0.32329472369267304,0.6521568627450981,0.47,0.5602,0.3296,0.5344679272788879,0.3604228420730884,75,24.0651303722152,13.019216566291536
2016,Syracuse,Final Four,3,5,4,1,0,5,4,64.315,23.6,57.2,0.417,16.6,37.2,0.45840000000000003,7,20,0.35000000000000003,14.2,19.8,0.6888,12.2,22.4,34.6,9.6,8.2,6.8,10.2,13.6,68.4,7.2,64.605,106.49028055437026,94.8624149699838,0.47934802399404985,0.5176704814149409,0.35616062523053166,0.3527473193490231,0.1327940449239485,0.15465479335203186,0.3587477552303134,0.6629358097100032,0.4014,0.4366,0.3206,0.46065254321150545,0.19016813375303943,61.2,18.496561236591322,13.292855223765885
2016,North Carolina,Runner-up,4,6,5,1,0,6,5,68.08749999999999,31.333333333333332,62.166666666666664,0.509,24.5,45.166666666666664,0.5471666666666667,6.833333333333333,17,0.39316666666666666,16.166666666666668,20.166666666666668,0.7955,13.333333333333334,22.666666666666668,36,16,5.833333333333333,4.666666666666667,10,18.166666666666668,85.66666666666667,13,68.4125,126.63738298139812,107.68640406275793,0.5637128915320551,0.5997228282475278,0.3315329323188809,0.2721525298001515,0.12192997421088263,0.13636572548441,0.450179561365771,0.7460215366978363,0.4646666666666667,0.5035,0.3755,0.5333384057983148,0.34673033882091187,72.66666666666667,16.332071018400566,7.991662321861871
2016,Villanova,Champion,5,6,6,0,0,6,6,65.13333333333333,30.166666666666668,51.833333333333336,0.5833333333333333,20.833333333333332,33.166666666666664,0.632,9.333333333333334,18.666666666666668,0.5101666666666667,13.833333333333334,17,0.7995,5.5,22.333333333333332,27.833333333333332,14.666666666666666,8.833333333333334,3.3333333333333335,9.833333333333334,14.166666666666666,83.5,20.666666666666668,64.24166666666667,128.823845228173,96.85250589649834,0.6731938014372041,0.697953588795852,0.3312754457758512,0.35706083678035616,0.14068734626389934,0.18126040962197348,0.2695660223109734,0.707347025637086,0.426,0.4675,0.386,0.4935752649946379,0.22183585441144232,62.833333333333336,15.805382234518174,8.841191473249896
2017,Arizona,Sweet 16,1,3,2,1,0,3,2,66.74166666666666,28.666666666666668,58.333333333333336,0.489,23.666666666666668,42,0.5576666666666666,5,16.333333333333332,0.329,17.666666666666668,20.666666666666668,0.864,9.666666666666666,24.666666666666668,34.333333333333336,10.666666666666666,4.666666666666667,3,8,16,80,8.333333333333334,66.48333333333333,118.9931500302137,107.34533168540783,0.5316782627029306,0.5830711771508337,0.36000421674045957,0.2761965001054185,0.10609896959392487,0.12039235725232879,0.3308150183150183,0.7827635327635327,0.48500000000000004,0.5616666666666666,0.3486666666666667,0.5434656012315296,0.22730633285733093,71.66666666666667,11.290396249687921,11.060440015358038
2017,Baylor,Sweet 16,1,3,2,1,0,3,2,69.58333333333333,27.666666666666668,59.333333333333336,0.46199999999999997,23,46,0.494,4.666666666666667,13.333333333333334,0.36633333333333334,14.333333333333334,18,0.804,11,21.666666666666668,32.666666666666664,14,6,4.333333333333333,13,17,74.33333333333333,0.6666666666666666,69.88333333333334,106.48132893050669,106.11062690008958,0.5008294301327088,0.5444273972399064,0.304839968774395,0.22492193598750976,0.16054547208096925,0.15958549396524246,0.37356532356532357,0.7699472703735278,0.48100000000000004,0.5373333333333333,0.391,0.5557575757575758,0.2816477272727273,73.66666666666667,9.18262244424814,4.041451884327381
2017,Butler,Sweet 16,1,3,2,1,0,3,2,71.0375,25,52.666666666666664,0.4786666666666667,17,32,0.5306666666666667,8,20.666666666666668,0.41333333333333333,18.666666666666668,24.666666666666668,0.769,5,25.333333333333332,30.333333333333332,14.666666666666666,4.333333333333333,3,10.333333333333334,18,76.66666666666667,3,69.71666666666667,107.92079350072218,103.38836271137625,0.5557244174265451,0.5984320170021152,0.48010542583539934,0.3861723138122785,0.1392783512142019,0.1288680693529967,0.1669043784985814,0.8105413105413105,0.462,0.5506666666666666,0.31533333333333335,0.5240992265610263,0.3286172420298057,73.66666666666667,19.331623461167567,15.88500340992514
2017,Michigan,Sweet 16,1,3,2,1,0,3,2,66.55416666666667,27.333333333333332,57,0.48,16.333333333333332,31.333333333333332,0.5166666666666667,11,25.666666666666668,0.42,12,14.333333333333334,0.868,3.6666666666666665,19,22.666666666666668,15.333333333333334,4,4,6,15,77.66666666666667,1.3333333333333333,66.14166666666667,116.45086126929476,114.42398422847776,0.5768120012675366,0.6067071713162129,0.253053611039092,0.4501951718376401,0.08610711759963917,0.11164689697434241,0.13226190476190475,0.6484415584415585,0.4846666666666667,0.5276666666666667,0.3863333333333333,0.5396012931034483,0.24086112681364236,76.33333333333333,15.925124058398994,12.701705922171767
2017,Purdue,Sweet 16,1,3,2,1,0,3,2,69.3875,28.666666666666668,60,0.4766666666666667,19.666666666666668,35.666666666666664,0.546,9,24.333333333333332,0.376,9,13.666666666666666,0.659,8.333333333333334,25.666666666666668,34,20,4.666666666666667,2.3333333333333335,12,16,75.33333333333333,-6,70.15833333333333,108.9110798219786,117.0706117197258,0.5521329365079365,0.5657954082850097,0.2273313492063492,0.4072420634920635,0.15321663800883675,0.09638835285984579,0.282165368928439,0.7861409796893668,0.497,0.56033333333333335,0.4033333333333333,0.5840927786591457,0.2507021564134203,81.33333333333333,18.90683552347883,14.742229591663987
2017,UCLA,Sweet 16,1,3,2,1,0,3,2,67.39583333333333,32.333333333333336,58.666666666666664,0.5513333333333333,23.333333333333332,37,0.6266666666666667,9,21.666666666666668,0.428,10,15.333333333333334,0.637,6.333333333333333,23,29.333333333333332,20.666666666666668,3.3333333333333335,4.333333333333333,7.333333333333333,13.666666666666666,83.66666666666667,6,66.95,123.9362546312153,115.081449111309,0.6280804214921218,0.6327853634486124,0.2624948224729526,0.36902761900028164,0.09909910442063423,0.09964510581282425,0.2369420702754036,0.6999007936507936,0.459,0.49133333333333334,0.39799999999999996,0.5266830870279146,0.2037563824839201,77.66666666666667,11.186760205778775,9.71253485622231
2017,West Virginia,Sweet 16,1,3,2,1,0,3,2,71.85000000000001,24.333333333333332,60,0.4073333333333333,18.333333333333332,44,0.409,6,16,0.41433333333333333,21,28,0.752,13.666666666666666,22.666666666666668,36.333333333333336,12.666666666666666,6,5.666666666666667,12.333333333333334,20.666666666666668,75.66666666666667,5,71.96666666666667,104.77364553334934,98.05805789124442,0.45827721661054993,0.5191913529207074,0.4680695847362514,0.2697530864197531,0.1443945872316428,0.18424724659394673,0.37893990067903116,0.7849840791017262,0.42466666666666664,0.44533333333333336,0.4023333333333333,0.49614791987673346,0.47730601685403945,70.66666666666667,7.243469109308005,9.504384952922168
2017,Wisconsin,Sweet 16,1,3,2,1,0,3,2,67.225,26.666666666666668,54.666666666666664,0.491,18,32.666666666666664,0.5486666666666666,8.666666666666666,22,0.388,15.333333333333334,23.666666666666668,0.6216666666666667,10.333333333333334,20.666666666666668,31,14.333333333333334,5.666666666666667,3.3333333333333335,11.666666666666666,22.333333333333332,77.33333333333333,4,67.24166666666667,115.12530139398146,108.82614881560552,0.5687435580292723,0.585943583807591,0.42955060812203666,0.397701504844362,0.15217049635167043,0.12618876854011293,0.35218253968253965,0.7223245520097095,0.4443333333333333,0.4856666666666667,0.363,0.5059098908380557,0.46466328466870616,73.33333333333333,5.27263142996958,11.015141094572204
2017,Florida,Elite Eight,2,4,3,1,0,4,3,69.546875,25.5,56.5,0.4525,18,33.75,0.535,7.5,22.75,0.333,16.25,21.75,0.758,9,21.75,30.75,11.75,7.25,4.25,12.5,16.75,74.75,8.75,70.33125,107.35006026008415,93.63605455356625,0.5193563321385902,0.5591399276803305,0.38623655913978494,0.40389486260454,0.15681583176739478,0.16544048165579436,0.30542328042328043,0.6903474903474903,0.42475,0.47925,0.2635,0.46588081053997066,0.3553200395105447,66,21.784860025180063,19.493588689617926
2017,Kansas,Elite Eight,2,4,3,1,0,4,3,70.85,31.25,62.5,0.498,21.5,38,0.562,9.75,24.5,0.394,14.75,18.5,0.8075,8.75,25.75,34.5,15.75,7,3,8.75,15.25,87,19,71.2875,122.12064423791048,96.46122941280709,0.575802251344086,0.6074949885465578,0.2962617607526882,0.39285114247311825,0.1084508207530653,0.16172494436270607,0.2976465738562513,0.7935178992918961,0.429,0.48775,0.3395,0.5007149931279813,0.23141523162745573,68,12.299685222356498,5.163977794943222
2017,Kentucky,Elite Eight,2,4,3,1,0,4,3,70.99687499999999,27,61,0.442,20.25,41.75,0.48425,6.75,19.25,0.34199999999999997,15,20.5,0.72725,8.25,24.75,33,14.25,5.75,5.25,8.25,15.5,75.75,5.25,70.7375,106.96786293008039,99.47386970324521,0.4974226593079052,0.5352770650092324,0.3371095207160781,0.3158370773124871,0.10360609309924934,0.1465343503937103,0.24981684981684982,0.7197007275132274,0.434,0.51075,0.2935,0.49076050669278304,0.24512143006550796,70.5,8.419261203299314,6.137317546507322
2017,Xavier,Elite Eight,2,4,3,1,0,4,3,68.24375,26.25,54.75,0.48475,19.25,36.5,0.53825,7,18.25,0.379,15.25,22,0.689,7,23.75,30.75,13.75,4.75,2.25,10.5,18,74.75,3.5,68.7,110.2063932092342,104.51416053357752,0.5508202024300625,0.5785343625664197,0.40455174590293275,0.3384085119812448,0.13838813198185448,0.122739341331766,0.2505672105672106,0.7083856177606178,0.42925,0.52475,0.302,0.4928153828074505,0.3139434847327497,71.25,10.624841410683171,8.261355820929152
2017,Oregon,Final Four,3,5,4,1,0,5,4,68.965,27.4,57.6,0.4746,19,36.2,0.5242,8.4,21.4,0.4018,14.2,19.8,0.7008,10,26.4,36.4,11.2,6.4,4.4,11.2,14,77.4,6.6,68.205,112.32888776904275,102.62676655429304,0.547444151935985,0.5775806784207367,0.3467983619526269,0.3705494948689141,0.1409789050516673,0.12239029247563749,0.32855120642217417,0.7587366829388106,0.419,0.4922,0.31880000000000003,0.4837892715531566,0.23733500647482839,70.8,7.577755144746873,7.12039324756716
2017,South Carolina,Final Four,3,5,4,1,0,5,4,71.9075,27.4,60,0.4576,21,40.8,0.5146000000000001,6.4,19.2,0.3202,19,25.4,0.7386,10.6,23.4,34,12.8,7.4,3.6,9.4,17.2,80.2,10,70.865,111.30620447847953,97.30455091812426,0.5107228844653928,0.557349688940735,0.4331174532706164,0.3187714147980519,0.11661504667552594,0.1909336420541995,0.33239464131905994,0.7564519388657319,0.4164,0.4686,0.3474,0.4875878506538884,0.3227143855445742,70.2,13.967295217759991,12.029131306956458
2017,Gonzaga,Runner-up,4,6,5,1,0,6,5,71.63958333333333,24.5,57.666666666666664,0.424,17,38,0.44766666666666666,7.5,19.666666666666668,0.3853333333333333,15.333333333333334,25,0.6136666666666667,9.833333333333334,29.5,39.333333333333336,11,4.833333333333333,6,12.333333333333334,19.833333333333332,71.83333333333333,8.5,72.04166666666666,100.18828533137523,88.15302948346852,0.4880537787004861,0.5170387562154929,0.4483895338090948,0.33446547201062343,0.15143285866816827,0.11500331058608473,0.2783253265911646,0.7132090459441319,0.346,0.39916666666666667,0.23716666666666666,0.3863043577469424,0.31904910488153665,63.333333333333336,12.952927094311512,10.893423092245461
2017,North Carolina,Champion,5,6,6,0,0,6,6,75.12291666666667,28.5,65.66666666666667,0.437,22.333333333333332,44.666666666666664,0.5073333333333333,6.166666666666667,21,0.2936666666666667,18.5,27.166666666666668,0.6833333333333333,14,28,42,17.166666666666668,7.833333333333333,4.833333333333333,11.166666666666666,17.666666666666668,81.66666666666667,11.166666666666666,75.7375,108.70661372722941,93.92802605170243,0.48414224676575307,0.521443267973214,0.42065641684552285,0.3202557445865196,0.12483657922834167,0.1580320406605935,0.36706592052686676,0.763426475926476,0.39466666666666667,0.44666666666666666,0.33066666666666666,0.45677760044358523,0.3257423260863995,70.5,9.943207326469514,6.774953874381729
2018,Clemson,Sweet 16,1,3,2,1,0,3,2,71.64583333333334,30,61.666666666666664,0.48833333333333334,22.666666666666668,41.666666666666664,0.544,7.333333333333333,20,0.37133333333333335,12.333333333333334,17,0.737,8,28.333333333333332,36.333333333333336,13.666666666666666,5.333333333333333,4.666666666666667,9,17.333333333333332,79.66666666666667,12.666666666666666,70.74166666666667,111.20211582723636,93.57488609358691,0.5481565392096095,0.5738469599133476,0.2739664151723057,0.3237366504940831,0.11347581596236188,0.11883140382639042,0.23996101364522418,0.7627851704459092,0.3706666666666667,0.391,0.3446666666666667,0.44009449332029976,0.28937764744216354,67,19.052728957199914,13.527749258468683
2018,Gonzaga,Sweet 16,1,3,2,1,0,3,2,73.8,25.333333333333332,58.666666666666664,0.43233333333333335,19,37,0.5173333333333333,6.333333333333333,21.666666666666668,0.292,15.666666666666666,26.666666666666668,0.586,9.666666666666666,25.333333333333332,35,9.666666666666666,5,2.6666666666666665,11.666666666666666,17.333333333333332,72.66666666666667,-1.6666666666666667,73.33333333333333,98.13442320257234,100.58096504675795,0.48650886421196177,0.5082078377430923,0.4549970777323203,0.36937463471654003,0.14030879433055332,0.14401036759495395,0.3012835118098276,0.7429130009775171,0.44633333333333336,0.528,0.28633333333333333,0.4984728915506064,0.2569961061983707,74.33333333333333,11.489242155730876,10.016652800877813
2018,Kentucky,Sweet 16,1,3,2,1,0,3,2,70.27916666666667,26,52.333333333333336,0.48466666666666663,22.666666666666668,41.333333333333336,0.5343333333333333,3.3333333333333335,11,0.23900000000000002,21.666666666666668,30.666666666666668,0.7103333333333333,9.333333333333334,27.666666666666668,37,11,5.666666666666667,3.3333333333333335,12.666666666666666,20,77,7.333333333333333,70.23333333333333,108.5742026835998,99.02659135560374,0.5145526960784313,0.5699575119089845,0.6225927871148459,0.21257878151260504,0.1600755573349928,0.11355946584479681,0.3387383689107827,0.7553606237816765,0.37766666666666665,0.435,0.32266666666666666,0.4530300833416403,0.3381513803175984,69.66666666666667,4.057109511396833,7.571877794400365
2018,Nevada,Sweet 16,1,3,2,1,0,3,2,69.02916666666667,28.666666666666668,60.666666666666664,0.4713333333333333,20.666666666666668,36,0.5746666666666667,8,24.666666666666668,0.32366666666666666,11.333333333333334,16.666666666666668,0.6973333333333334,6.333333333333333,21.666666666666668,28,13,5.666666666666667,3.6666666666666665,6.333333333333333,14.666666666666666,76.66666666666667,1.6666666666666667,68.58333333333334,110.93973433014204,108.61460051413395,0.5367865442766517,0.5575186565621718,0.2737115699241194,0.40697222296996177,0.08344579974561167,0.13131842095857846,0.18910323986225314,0.7291505791505791,0.4766666666666667,0.5096666666666667,0.379,0.5325050157139709,0.22669287594660728,75,5.861748516776483,7.211102550927978
2018,Purdue,Sweet 16,1,3,2,1,0,3,2,67.17083333333333,25,56.333333333333336,0.446,16,35,0.463,9,21.333333333333332,0.4186666666666667,12.666666666666666,17,0.8086666666666666,8,23,31,10,4.333333333333333,3,11.333333333333334,17.333333333333332,71.66666666666667,5.333333333333333,67.74166666666666,107.29145390961448,99.93664419027232,0.5268305384465525,0.5589405753703457,0.30240974688666095,0.3815882150189573,0.14880782660420158,0.1537334612748686,0.2791175840651103,0.7554459203036052,0.442,0.5286666666666666,0.272,0.4874678993323061,0.2932100667693888,66.33333333333333,28.655935817811876,16.072751268321593
2018,Syracuse,Sweet 16,1,4,3,1,1,3,2,61.571875,20.25,49.75,0.40575,16.5,36,0.458,3.75,13.75,0.24925,15,21.5,0.6965,8.5,22.25,30.75,8.25,4.75,3.5,10.5,18.25,59.25,1.75,61.9625,96.27742217459388,93.36021544785687,0.4431970156483646,0.4950033518444275,0.4509935553168636,0.2747888629135865,0.14837272303248417,0.14416095767207562,0.29124579124579125,0.6472492920206564,0.36275,0.47325,0.23199999999999998,0.423095134032634,0.32222465034965037,57.5,12.073904207734188,7.852812659593164
2018,Texas A&M,Sweet 16,1,3,2,1,0,3,2,72.98333333333333,29.666666666666668,59.666666666666664,0.49833333333333335,23.333333333333332,41.333333333333336,0.5656666666666667,6.333333333333333,18.333333333333332,0.33066666666666666,11.333333333333334,19,0.5813333333333334,9,30.333333333333332,39.333333333333336,14.333333333333334,3.6666666666666665,6.666666666666667,13.666666666666666,12.666666666666666,77,-0.6666666666666666,73.35833333333333,105.4063059153657,106.81261821512523,0.5525641025641026,0.5611526359702974,0.33308457711442785,0.3105243015690777,0.16601627254057325,0.06897147808677982,0.284500466853408,0.8790607151951689,0.4623333333333333,0.5223333333333333,0.359,0.5286081898985124,0.1367587012748303,77.66666666666667,26.694728685854326,18.583146486355137
2018,West Virginia,Sweet 16,1,3,2,1,0,3,2,73.93333333333332,30.666666666666668,66,0.4673333333333333,23,44.666666666666664,0.5123333333333333,7.666666666666667,21.333333333333332,0.36466666666666664,16.666666666666668,21.666666666666668,0.7786666666666666,12.333333333333334,22.333333333333332,34.666666666666664,16.333333333333332,9.333333333333334,4.333333333333333,11.666666666666666,24.333333333333332,85.66666666666667,9.333333333333334,75.625,116.44624428001742,103.05966779685946,0.5250034911325234,0.563798715752195,0.32946515849741653,0.31873574454219616,0.1309663446232098,0.20099773307768193,0.38341049382716047,0.7168242296918768,0.435,0.43333333333333335,0.436,0.5335875090777051,0.44199346405228757,76.33333333333333,10.979330128035215,11.930353445448855
2018,Duke,Elite Eight,2,4,3,1,0,4,3,69.634375,29.25,61,0.482,20.5,34.5,0.59575,8.75,26.5,0.3355,14.25,19.5,0.696,11.25,20.5,31.75,17.5,6.75,2,10.75,14.75,81.5,11.75,69.7625,117.43032250370189,99.93844457516587,0.5542666133617626,0.5847692795535514,0.3367835193779004,0.4345243321209081,0.1329802132112067,0.1658349283819358,0.34647702991452994,0.629692813160555,0.43875,0.515,0.31124999999999997,0.4964445560833029,0.24760179434092477,69.75,7.255281830888581,10.372238588334406
2018,Florida State,Elite Eight,2,4,3,1,0,4,3,68.89375,22,53.25,0.41125,15.75,34.5,0.4545,6.25,18.75,0.3375,17.5,23.75,0.75675,7.5,25.25,32.75,12.5,8.25,6.5,11.75,21.5,67.75,7.25,68.78125,97.95805742490964,87.87163401083058,0.4698183662179605,0.5231947352487667,0.4510300671992935,0.35061629667540994,0.15382198146642426,0.17799654763343994,0.23762408568443052,0.7584673258097806,0.38075000000000003,0.44025000000000003,0.2875,0.4346246973365617,0.48434797647872707,60.5,9.06185691303802,6.8068592855540455
2018,Kansas State,Elite Eight,2,4,3,1,0,4,3,66.453125,20.75,53.5,0.39225,14.5,33.75,0.43025,6.25,19.75,0.29925,12.75,19.25,0.68775,7.25,22,29.25,9.25,9.25,2.75,11,19.25,60.5,1,66.39375,90.95001422215114,89.38063531062257,0.44989478114478115,0.4847263149282849,0.37457912457912457,0.3635185185185185,0.1514585020566161,0.19832421098649017,0.20738260582010581,0.734717868338558,0.39775,0.4465,0.322,0.4632483312473926,0.43010980988139935,59.5,20.43423178845926,14.341083176199302
2018,Texas Tech,Elite Eight,2,4,3,1,0,4,3,68.38125,25.25,59,0.42875,20.25,42,0.48350000000000004,5,17,0.2985,13.5,18.5,0.7222500000000001,8.75,24.25,33,13.25,4.5,4.25,10,17.5,69,3.5,69.0375,100.8971585812306,95.81008407570175,0.47100316115146623,0.5095487335318535,0.3179378531073446,0.28896511523630164,0.12846148769309307,0.16002711429400635,0.25971240283384495,0.6947443162855274,0.39025,0.44675,0.2965,0.4394140998742883,0.38783082063191726,65.5,7.012034934600582,4.509249752822894
2018,Kansas,Final Four,3,5,4,1,0,5,4,73.065,28.2,61.6,0.45940000000000003,19,38.2,0.4998,9.2,23.4,0.398,15,20,0.762,9.4,25.8,35.2,14.2,5.8,3.6,11.4,15.6,80.6,2.4,73.1,110.34202018849453,107.02413317584117,0.5334814332465104,0.5671628116633793,0.32992257101033223,0.3761607998221936,0.1362765031180832,0.14025756184493207,0.2963272719341554,0.7268829226723964,0.452,0.5304,0.3574,0.5340247252747252,0.23142857142857143,78.2,16.929209660016774,12.517987058628874
2018,Loyola (IL),Final Four,3,5,4,1,0,5,4,64.98,25.2,49.8,0.5072,19,33.4,0.572,6.2,16.4,0.3532,9.6,13,0.7143999999999999,4,24,28,14.8,4.4,1.6,13.2,14.4,66.2,1.6,65.175,102.20624861408278,99.67002735087057,0.5707044207357098,0.5930068052613128,0.26772148168894105,0.3330841582280882,0.18901520962270518,0.13178766420600846,0.16846560846560846,0.7444048472435569,0.43019999999999997,0.5224,0.3088,0.48770244339168106,0.220535853893122,64.6,5.96259097397796,3.5777087639996634
2018,Michigan,Runner-up,4,6,5,1,0,6,5,67.61041666666667,24.833333333333332,55.333333333333336,0.445,18,31.5,0.5663333333333334,6.833333333333333,23.833333333333332,0.2875,12.333333333333334,18.333333333333332,0.6926666666666667,6,24.833333333333332,30.833333333333332,11.166666666666666,7,2.5,9.5,16.333333333333332,68.83333333333333,6.833333333333333,67.54166666666667,101.22179178075115,91.47106849153231,0.5048576972305786,0.5362896332214255,0.3427009459362249,0.4285983617239091,0.12961773761858192,0.16982141526810535,0.18740360595199307,0.7344267531574034,0.398,0.4528333333333333,0.249,0.4398201044550374,0.29510559497139754,62,15.57939845479734,11.865917579353061
2018,Villanova,Champion,5,6,6,0,0,6,6,69.54791666666667,27.5,58,0.4756666666666667,14.833333333333334,27.5,0.5421666666666667,12.666666666666666,30.5,0.41050000000000003,16.166666666666668,19.833333333333332,0.8009999999999999,10.166666666666666,26,36.166666666666664,14.666666666666666,5.333333333333333,4.5,11.166666666666666,17.666666666666668,83.83333333333333,17.666666666666668,68.42083333333333,120.6577121341104,94.85008434792188,0.584169647766139,0.6266846522803662,0.3493006019321809,0.5207650536597905,0.14256272173472226,0.14133439273038728,0.3090900292119805,0.7507649791993507,0.39383333333333337,0.477,0.25766666666666665,0.441254693304994,0.33812965139167983,66.16666666666667,8.991391273749116,9.662642840686324
2019,Florida State,Sweet 16,1,3,2,1,0,3,2,72.95416666666667,27,62.333333333333336,0.42733333333333334,21.333333333333332,42.666666666666664,0.49966666666666665,5.666666666666667,19.666666666666668,0.269,15,19,0.7506666666666667,9.666666666666666,28.333333333333332,38,12.333333333333334,9.666666666666666,5.333333333333333,10.666666666666666,18,74.66666666666667,7,72.35833333333333,102.59444505191338,92.77238180004362,0.47054357940989205,0.5197684705534419,0.32660523498667116,0.3087774535938932,0.12985112132059157,0.17383028224814182,0.2960242161380681,0.7925748328974136,0.38833333333333336,0.35133333333333333,0.419,0.47660966045718045,0.30404198637039404,67.66666666666667,6.94117090406361,5.131601439446884
2019,Houston,Sweet 16,1,3,2,1,0,3,2,64.40833333333333,26.666666666666668,57.666666666666664,0.45866666666666667,20,35,0.5686666666666667,6.666666666666667,22.666666666666668,0.29633333333333334,12,16.666666666666668,0.733,8.666666666666666,25.333333333333332,34,14.333333333333334,7,2.6666666666666665,8,19,72,13.333333333333334,64.91666666666667,111.15559959453957,91.84983493896539,0.5164392407906558,0.54588697489812,0.2919895552560647,0.3899230682839174,0.10775762547994272,0.1608821958260227,0.2863799283154122,0.7522875816993464,0.38866666666666666,0.43433333333333335,0.313,0.4538450162673765,0.3409691412797003,58.666666666666664,13.456632179548349,3.5118845842842465
2019,Louisiana State,Sweet 16,1,3,2,1,0,3,2,71.23333333333333,25.333333333333332,62.333333333333336,0.40700000000000003,19.666666666666668,41.666666666666664,0.47000000000000003,5.666666666666667,20.666666666666668,0.27099999999999996,14,19.333333333333332,0.7323333333333334,9.666666666666666,25,34.666666666666664,10.666666666666666,5.666666666666667,3.3333333333333335,9.333333333333334,12.333333333333334,70.33333333333333,-3.3333333333333335,71.18333333333334,98.60066716315139,104.26047960426774,0.4525010508617066,0.4908223578637464,0.31155947877259355,0.3307271963009668,0.11514650085920958,0.10360312826562094,0.27666760484097946,0.6720301697045883,0.39266666666666666,0.4716666666666667,0.31433333333333335,0.4678330928330929,0.23154160654160655,73.66666666666667,16.85281755178727,6.506407098647712
2019,Michigan,Sweet 16,1,3,2,1,0,3,2,64.00833333333333,21.666666666666668,52.333333333333336,0.4126666666666667,17.333333333333332,33.333333333333336,0.52,4.333333333333333,19,0.22666666666666666,13,17.666666666666668,0.7296666666666667,7.333333333333333,29.333333333333332,36.666666666666664,12.333333333333334,5.333333333333333,2,11,12.333333333333334,60.666666666666664,5,64.39166666666667,94.76737599767347,87.04150813416884,0.45280217350097934,0.4962577583868821,0.34268444219793176,0.36316982933524283,0.1533309863862269,0.11578164800181065,0.24572336265884653,0.8581643002028397,0.37133333333333335,0.41133333333333333,0.304,0.43383838383838386,0.14494949494949497,55.666666666666664,10.072760961802743,7.023769168568493
2019,North Carolina,Sweet 16,1,3,2,1,0,3,2,72.87916666666666,31.666666666666668,67.66666666666667,0.4686666666666667,24,44,0.548,7.666666666666667,23.666666666666668,0.3323333333333333,12,15.666666666666666,0.7686666666666667,14.666666666666666,28.666666666666668,43.333333333333336,16.666666666666668,5,1,13.333333333333334,15,83,6.666666666666667,73.775,113.92598413011413,104.34266676741137,0.5257712657712658,0.5545690140126253,0.2323972323972324,0.3524786324786325,0.15196723514381394,0.13466793561306215,0.4224596391263058,0.8452478213507626,0.4426666666666667,0.5356666666666667,0.37833333333333335,0.5563131313131313,0.23232323232323232,76.33333333333333,23.697542485873104,19.2180470738661
2019,Oregon,Sweet 16,1,3,2,1,0,3,2,59.925,24,51.666666666666664,0.46166666666666667,14.333333333333334,30,0.46499999999999997,9.666666666666666,21.666666666666668,0.449,7,9,0.7726666666666666,7,21.333333333333332,28.333333333333332,11.333333333333334,6,4.666666666666667,9,14.333333333333334,64.66666666666667,11,57.94166666666666,107.36178034199457,89.76211092449465,0.5544071489235995,0.5745146474436935,0.1763524242088549,0.42446733872456704,0.1403023105396748,0.1604729428915301,0.2465709109730849,0.6695652173913044,0.3606666666666667,0.4666666666666667,0.25033333333333335,0.4206699346405229,0.1869514472455649,53.666666666666664,4.866497034755971,0.5773502691896257
2019,Tennessee,Sweet 16,1,3,2,1,0,3,2,73.69583333333333,30.666666666666668,64,0.4786666666666667,21,40.666666666666664,0.5176666666666667,9.666666666666666,23.333333333333332,0.41533333333333333,13.666666666666666,20.666666666666668,0.6843333333333333,10.666666666666666,24.333333333333332,35,13.666666666666666,6,5,10.333333333333334,20.333333333333332,84.66666666666667,2.6666666666666665,73.48333333333333,114.85971239017684,110.91771309762572,0.5535437091503268,0.5731294569352005,0.3223243464052288,0.3641748366013072,0.12231177276550784,0.13411309896744117,0.30291837665298676,0.780717363326059,0.45866666666666667,0.46166666666666667,0.44466666666666665,0.5627466146533944,0.39110842076943775,82,14.714363040725777,15.132745950421556
2019,Virginia Tech,Sweet 16,1,3,2,1,0,3,2,65.49583333333334,23,55.666666666666664,0.4136666666666667,16.333333333333332,38.333333333333336,0.42666666666666664,6.666666666666667,17.333333333333332,0.39466666666666667,16,20.333333333333332,0.781,8.333333333333334,21.666666666666668,30,13.333333333333334,7.666666666666667,1.3333333333333333,9.666666666666666,14.333333333333334,68.66666666666667,7,66.65833333333333,104.86599332255606,94.11857733122628,0.4721986417657046,0.526159832436908,0.3778414450103754,0.3027966421429919,0.12860065106223856,0.18513860416838504,0.24609560299215472,0.757183908045977,0.434,0.5703333333333334,0.26566666666666666,0.5001169043722234,0.26137869222975607,61.666666666666664,17.399088358606917,11.930353445448855
2019,Duke,Elite Eight,2,4,3,1,0,4,3,68.53125,30,61.25,0.49150000000000005,22.25,40,0.56025,7.75,21.25,0.3635,8.25,13,0.63625,10,25.5,35.5,16.25,6,6.25,10.5,14,76,6.25,67.925,110.80655019914057,102.05272810975538,0.5540763864310604,0.5646812110606432,0.21182113579010672,0.3477514826100844,0.13508904922297624,0.12600947641109392,0.32137153248396133,0.7546105295566502,0.41875,0.45875,0.3595,0.48577108015372755,0.24694663676866124,69.75,11.785224688066448,6.13052471924984
2019,Gonzaga,Elite Eight,2,4,3,1,0,4,3,71.9125,28.75,60.5,0.47550000000000003,21.25,39,0.5485,7.5,21.5,0.354,12.75,18.25,0.698,9.75,26.5,36.25,16.75,7.25,5.75,12.5,18.25,77.75,14.5,71.91874999999999,108.77754772241863,87.91232332490543,0.5373884811768006,0.5621726532046245,0.3030470346177088,0.35653294299684424,0.15297811303361303,0.15704349643028356,0.32264064764064765,0.8135757431423066,0.38725,0.45775,0.25425,0.4363941616335922,0.3350819672131148,63.25,15.918196598226297,11.954775893619532
2019,Kentucky,Elite Eight,2,4,3,1,0,4,3,64.45625,25,53.75,0.46525,21,38.75,0.54,4,15,0.272,14.5,19.75,0.73675,10.75,26.5,37.25,11,5.25,2.25,12,15.75,68.5,9.75,64.38125,106.73084251675405,90.7783040858839,0.5023666417331777,0.5437700276086216,0.37030171806098394,0.2762829650748396,0.15982842461166363,0.11916994401881728,0.3790145368492225,0.7870770762136986,0.373,0.431,0.29175,0.4326158511300021,0.23625984864192415,58.75,15.081111297610146,13.647344063956181
2019,Purdue,Elite Eight,2,4,3,1,0,4,3,67.68124999999999,27.5,56.25,0.48625,14,25.5,0.54475,13.5,30.75,0.43875,12,19.25,0.66625,7.5,27.25,34.75,14,3,3.5,9.5,16.25,80.5,9.75,67.39375,119.1363871782611,104.4890980310872,0.6060903282601395,0.6146216550918536,0.335386660858359,0.5488687413215715,0.1283786806142096,0.0923851482770361,0.2656318681318681,0.7051835085319317,0.38225,0.4275,0.3405,0.4564846717419301,0.24966610619860596,70.75,26.95491277960454,20.320351046836436
2019,Auburn,Final Four,3,5,4,1,0,5,4,69.6725,28.2,60.8,0.4616,16.6,30.4,0.5516,11.6,30.4,0.3746,12.6,18.2,0.6948,7.6,21,28.6,13.6,7.8,4.2,7.8,19,80.6,7.4,69.645,115.34180540199429,105.232719968704,0.5568551982960956,0.5794049924815474,0.2991349346655645,0.5027503011799819,0.09954835472125476,0.15975143780816178,0.23134022714397967,0.6749117998453862,0.4624,0.5796,0.2904,0.51886871541743,0.35050289233183174,73.2,5.773310950593527,6.572670690061994
2019,Michigan State,Final Four,3,5,4,1,0,5,4,64.99749999999999,25.4,57.2,0.443,18,35.4,0.5018,7.4,21.8,0.33540000000000003,10.8,13.8,0.685,9.6,25.2,34.8,14.2,4.6,3.8,10.2,14.4,69,7.8,64.35499999999999,105.84974392098731,94.22223234048595,0.5076205388667395,0.5434006777410738,0.2591752815461022,0.38497793099616806,0.13933968359908733,0.12540755894307232,0.32855742296918766,0.8004237824161923,0.4016,0.4586,0.306,0.46228478730530387,0.25918446293825764,61.2,9.85321507500386,6.648308055437865
2019,Texas Tech,Runner-up,4,6,5,1,0,6,5,68.03541666666666,25.5,55.833333333333336,0.4575,18,34.5,0.5185,7.5,21.333333333333332,0.34950000000000003,12.5,16.5,0.762,5.5,25.166666666666668,30.666666666666668,11.5,7,4.833333333333333,9.666666666666666,15.666666666666666,71,10.333333333333334,67.8375,104.42104072109814,88.75562191440753,0.5246147793825082,0.5569429539505013,0.29588866707346173,0.38043386473785445,0.1304612665222348,0.17647955194151002,0.17407719055792079,0.7601063367446139,0.37733333333333335,0.45,0.272,0.4379105699571024,0.3238406048680735,60.666666666666664,17.48799290158031,14.514360704718161
2019,Virginia,Champion,5,6,6,0,0,6,6,61.42708333333333,25.666666666666668,56.833333333333336,0.4535,17.333333333333332,31.833333333333332,0.5456666666666666,8.333333333333334,25,0.338,9.5,13,0.6725,9.666666666666666,24.166666666666668,33.833333333333336,13.333333333333334,5.166666666666667,4.5,8.5,12.166666666666666,69.16666666666667,7.5,61.84166666666667,112.08842679397881,99.99733248533852,0.5266270936884098,0.547297396715623,0.22535485052101867,0.4397493941320794,0.11796346675254203,0.13338267785055244,0.3032924138316295,0.8117577030812325,0.4141666666666667,0.4713333333333333,0.3626666666666667,0.5066400266400266,0.1746035446035446,61.666666666666664,14.399229354674684,11.994443157840495
2021,Alabama,Sweet 16,1,3,2,1,0,3,2,72.6875,30,62.666666666666664,0.479,20.666666666666668,37,0.5593333333333333,9.333333333333334,25.666666666666668,0.34933333333333333,11.333333333333334,19.333333333333332,0.6683333333333333,12,27,39,12.666666666666666,7,4,12.333333333333334,16.333333333333332,80.66666666666667,7.333333333333333,72.18333333333334,112.56396085694932,100.79840145789294,0.551963440806755,0.564181391856812,0.31593208541526835,0.4025612979673685,0.14669172544710232,0.12797736742933638,0.3768768768768769,0.8050595238095238,0.43833333333333335,0.5296666666666667,0.31066666666666665,0.5027765053188782,0.17975008907212298,73.33333333333333,19.528293710056357,16.802777548171413
2021,Creighton,Sweet 16,1,3,2,1,0,3,2,69.7875,27,62.333333333333336,0.4346666666666667,20,39.333333333333336,0.5126666666666666,7,23,0.30866666666666664,5.666666666666667,9.333333333333334,0.5876666666666667,7.333333333333333,22,29.333333333333332,13.666666666666666,6,1.6666666666666667,9.666666666666666,14,66.66666666666667,-1,69.1,95.812846767016,97.14936452008367,0.4918832250541396,0.5013658024755705,0.15109945027486257,0.37145593869731797,0.1262348786708254,0.15424206246860617,0.21144781144781144,0.7177972982948254,0.43333333333333335,0.5396666666666666,0.28200000000000003,0.4921584263689527,0.23870281765018606,67.66666666666667,17.52451307655319,13.428824718989125
2021,Florida State,Sweet 16,1,3,2,1,0,3,2,66.44166666666666,24.333333333333332,51.333333333333336,0.48100000000000004,20.666666666666668,36,0.579,3.6666666666666665,15.333333333333334,0.20099999999999998,12,15.666666666666666,0.781,5.666666666666667,23.333333333333332,29,13.666666666666666,6.333333333333333,4.666666666666667,13.333333333333334,17.333333333333332,64.33333333333333,3.3333333333333335,66.44166666666666,97.14534281235204,91.47001141923381,0.5164855072463769,0.5507165035969712,0.32439613526570044,0.29679951690821255,0.18501477078169873,0.14201726168607193,0.23008040935672516,0.6898781134075251,0.38866666666666666,0.45266666666666666,0.25733333333333336,0.43422114608555284,0.2676419155232715,61,16.341294808157247,13
2021,Loyola (IL),Sweet 16,1,3,2,1,0,3,2,62.170833333333334,23,52.666666666666664,0.43833333333333335,16.333333333333332,32.666666666666664,0.498,6.666666666666667,20,0.3413333333333333,14,20.333333333333332,0.6856666666666666,9.666666666666666,19.666666666666668,29.333333333333332,16,7,2.6666666666666665,9,15,66.66666666666667,5.666666666666667,61.65833333333333,107.42619025759582,98.52751776217187,0.5013736451953248,0.5371890394919485,0.3862786204628602,0.3771461065208753,0.12638291773944724,0.17825389112628232,0.33618233618233617,0.834961334961335,0.47833333333333333,0.528,0.32366666666666666,0.5189877369387471,0.25461532130582726,61,10.395887501575764,3.605551275463989
2021,Oral Roberts,Sweet 16,1,3,2,1,0,3,2,76.1,25.666666666666668,62.666666666666664,0.413,16,30.666666666666668,0.531,9.666666666666666,32,0.3016666666666667,14.333333333333334,18,0.791,6,21.333333333333332,27.333333333333332,13.666666666666666,8.333333333333334,1.6666666666666667,10,13.666666666666666,75.33333333333333,1.3333333333333333,75.21666666666667,99.25703639622743,97.48435808443229,0.49045907117520576,0.531558651773409,0.2912554610570141,0.5115041702617199,0.12416068537029686,0.1715946031946582,0.1714683783649301,0.638468992248062,0.454,0.5503333333333333,0.21533333333333332,0.4884450341218226,0.20621144167206956,74,8.737263745536064,3.4641016151377544
2021,Oregon,Sweet 16,1,2,1,1,0,2,1,71.81875,32,68.5,0.468,24,45.5,0.533,8,23,0.33899999999999997,9.5,11.5,0.8220000000000001,11.5,18,29.5,20,7,4.5,10.5,13.5,81.5,0.5,72.9625,112.73751119417514,113.34224000311491,0.5263746803069054,0.5519197536704232,0.1678388746803069,0.335997442455243,0.12425546442580723,0.15362335598558158,0.35185185185185186,0.6688988095238095,0.515,0.5515,0.45399999999999996,0.5906862745098038,0.21405228758169936,81,12.277593358851217,1.4142135623730951
2021,Syracuse,Sweet 16,1,3,2,1,0,3,2,65.27916666666667,22.333333333333332,49.666666666666664,0.4506666666666667,11,22.666666666666668,0.5006666666666667,11.333333333333334,27,0.4083333333333333,10.333333333333334,13.666666666666666,0.749,4,22,26,12.333333333333334,3,6,12.666666666666666,15.333333333333334,66.33333333333333,1,64.825,101.71503789815247,100.00534206294803,0.5655373704309874,0.5949249870667672,0.27604473540643754,0.5435406437534097,0.18368373090074347,0.10192283891692445,0.16744366744366745,0.625,0.37066666666666664,0.431,0.32233333333333336,0.4439883913764511,0.16498460080549635,65.33333333333333,2.743907119822147,5.773502691896258
2021,Villanova,Sweet 16,1,3,2,1,0,3,2,60.887499999999996,24.666666666666668,51.333333333333336,0.47700000000000004,16,27.333333333333332,0.5856666666666667,8.666666666666666,24,0.332,11.333333333333334,15.333333333333334,0.7453333333333333,7,22,29,12.666666666666666,3.3333333333333335,5,8.666666666666666,15.333333333333334,69.33333333333333,7.333333333333333,60.28333333333333,113.80357283785999,102.14846941992668,0.5580406911928651,0.5872735594611842,0.2999482401656315,0.4620162446249403,0.1294624723154124,0.11249592812988331,0.2678494623655914,0.7019432773109244,0.4023333333333333,0.488,0.2613333333333333,0.4564282395959778,0.24261565436317045,62,6.426504205790265,1
2021,Arkansas,Elite Eight,2,4,3,1,0,4,3,73.47187500000001,27.5,64.25,0.4325,24.25,51,0.484,3.25,13.25,0.233,16,21,0.7677499999999999,11,25,36,11.75,6.25,3.25,11,16.5,74.25,3,74.225,101.0299364023947,97.56091805086835,0.4590441364004872,0.5035157720968001,0.3370124172795544,0.21119509224347932,0.13041532486899865,0.15724367527584715,0.3225685579399008,0.7465456659005046,0.417,0.429,0.43375,0.49570333157059754,0.26887342949360854,71.25,13.875079344112361,6.701989754294367
2021,Michigan,Elite Eight,2,4,3,1,0,4,3,68.865625,25.75,54,0.47575,19.5,35.75,0.56025,6.25,18.25,0.323,15.5,21.25,0.70125,7.75,25.5,33.25,18,3.5,3.5,11.5,14.75,73.25,10,67.84375,105.35068423213701,91.41054849637683,0.5344869948558881,0.5675784093175928,0.3919418738087731,0.3410944161816545,0.15287653920934902,0.11480704884733162,0.3005860706010631,0.7731719771241831,0.38475000000000004,0.44375,0.2125,0.4150758605072464,0.22667824074074072,63.25,10.830465046724546,11.586630226256467
2021,Oregon State,Elite Eight,2,4,3,1,0,4,3,66.115625,22.75,51.25,0.4435,16,33.75,0.47675,6.75,17.5,0.384,16.75,21.25,0.741,8.25,28.25,36.5,13.5,3.75,5,11.75,18.25,69,6.25,64.84375,104.45982261868016,95.53334154383951,0.5086790035163001,0.5611605015234327,0.4206336790035163,0.34062108886107634,0.15732137917017716,0.09987179759629083,0.29957671957671955,0.6697796033016351,0.3165,0.35725,0.25725,0.3755993409219216,0.401658198432392,62.75,11.47785605399173,6.800735254367722
2021,Southern California,Elite Eight,2,4,3,1,0,4,3,68.703125,29,57.5,0.508,21.25,40.5,0.5305,7.75,17,0.44975,10.5,15.75,0.67275,7.5,24.5,32,15.5,4.5,3.75,10.75,12,76.25,11.25,68.23125,111.29688886195794,94.25222713496707,0.5768471251125589,0.5918651558053579,0.27271648833801226,0.2971309244251402,0.14233762585925352,0.10441333233496959,0.28956582633053224,0.6712318430484814,0.36524999999999996,0.40725,0.27875,0.4125929235011613,0.1967004735082864,65,18.924582339892787,15.121728296285006
2021,Houston,Final Four,3,5,4,1,0,5,4,62.435,23,59.4,0.3872,15.2,34.6,0.4354,7.8,24.8,0.3146,13.8,20.2,0.6736,14.2,18.4,32.6,13,6.8,4.6,8.4,13.8,67.6,7.4,63.195,107.99184674626298,97.13751487288985,0.45255709539170896,0.4881664068889499,0.33836675605285166,0.41552686651038345,0.10894632158753886,0.16092967094006438,0.4381851179673321,0.7320600767992073,0.4202,0.45,0.3776,0.49074661508704065,0.3529245647969052,60.2,22.724774248234887,11.584472366059664
2021,UCLA,Final Four,3,6,5,1,1,5,4,68.78541666666666,28.333333333333332,61.666666666666664,0.4615,20.833333333333332,42.5,0.4925,7.5,19.166666666666668,0.3893333333333333,11.666666666666666,17,0.6831666666666667,9.166666666666666,23.166666666666668,32.333333333333336,13.833333333333334,4.333333333333333,3.3333333333333335,7,16.5,75.83333333333333,7.666666666666667,67.575,109.79136003864713,98.11586338070549,0.5212718126502507,0.5416865161272874,0.2703178555906442,0.3074328926773309,0.0916686341301695,0.14613796156342487,0.27870407778496015,0.7419895264722851,0.44616666666666666,0.5373333333333333,0.26266666666666666,0.4879107261816582,0.2828758910165626,68.16666666666667,18.463494892310063,18.476110701840543
2021,Gonzaga,Runner-up,4,6,5,1,0,6,5,72.32083333333333,31.833333333333332,58.833333333333336,0.5401666666666667,23.5,36.833333333333336,0.639,8.333333333333334,22,0.3696666666666667,14,18.666666666666668,0.7323333333333333,6.666666666666667,24.166666666666668,30.833333333333332,20.833333333333332,6.333333333333333,2.6666666666666665,11.666666666666666,14.666666666666666,86,13.833333333333334,72.7,118.8074266338372,99.85929882919234,0.6110141980812509,0.6354068176479613,0.3217114030315066,0.37468240361744615,0.1482945588581683,0.11774679935157481,0.24761194080969676,0.7522673610908905,0.43716666666666665,0.47733333333333333,0.3393333333333333,0.4889743924351499,0.2519906049249407,72.16666666666667,18.66220754458621,13.377842377105011
2021,Baylor,Champion,5,6,6,0,0,6,6,66.45,28.5,62.166666666666664,0.4613333333333333,20,40.333333333333336,0.5003333333333333,8.5,21.833333333333332,0.398,11.5,15.166666666666666,0.7381666666666666,10.833333333333334,19.5,30.333333333333332,16.333333333333332,8.666666666666666,3.5,7,16.833333333333332,77,15.333333333333334,65.5375,116.40226994384166,93.41420374955234,0.5296814954338436,0.5571019869163756,0.25003676301792066,0.34878458495335835,0.09071057008406286,0.20132778187775885,0.35774056109639324,0.7316954958621625,0.43583333333333335,0.5168333333333334,0.2778333333333333,0.48327659419791924,0.2982645642065932,61.666666666666664,12.53285067516724,8.286535263104035
2022,Arizona,Sweet 16,1,3,2,1,0,3,2,75.10833333333333,27.333333333333332,60.666666666666664,0.44633333333333336,19.666666666666668,37.666666666666664,0.5093333333333333,7.666666666666667,23,0.35100000000000003,15,20,0.764,12,26.333333333333332,38.333333333333336,16.333333333333332,7,5.333333333333333,16.333333333333332,19.666666666666668,77.33333333333333,3.3333333333333335,74.5,102.41190459985401,99.33877683356347,0.5108206245461148,0.552084484958025,0.3311909949164851,0.37926652142338413,0.18952956297463794,0.1197566769600204,0.35113960113960113,0.7144815623076493,0.3863333333333333,0.4083333333333333,0.347,0.45164512338425383,0.39358924141532836,74,11.2587673037208,5.291502622129181
2022,Gonzaga,Sweet 16,1,3,2,1,0,3,2,74.69583333333334,30,64.33333333333333,0.4663333333333333,23.666666666666668,42.333333333333336,0.5680000000000001,6.333333333333333,22,0.28300000000000003,14.666666666666666,24.666666666666668,0.6083333333333334,11.666666666666666,32.333333333333336,44,16.666666666666668,4,5.333333333333333,8.666666666666666,16.666666666666668,81,6.333333333333333,73.05,109.08638936735032,100.52488277294647,0.517047869111219,0.5329392258169532,0.3829427715719605,0.34905445604662455,0.10102835329428562,0.07675311714830962,0.3054945054945055,0.7574699110413395,0.387,0.431,0.2886666666666667,0.4266534391534392,0.27910052910052907,74.66666666666667,11.630304774464173,3.0550504633038935
2022,Iowa State,Sweet 16,1,3,2,1,0,3,2,68.95,21.666666666666668,60.666666666666664,0.35666666666666663,15.333333333333334,36.333333333333336,0.42133333333333334,6.333333333333333,24.333333333333332,0.24,6.666666666666667,10,0.6293333333333333,9.333333333333334,22.666666666666668,32,14,10,3.6666666666666665,13,20.666666666666668,56.333333333333336,-1.3333333333333333,69.08333333333333,81.87352442934626,83.56280298653346,0.41067806432917997,0.4325847732461323,0.17108567564957017,0.40854100260793974,0.16433341828111678,0.21192681840273758,0.2718942386391943,0.7712802584882674,0.37733333333333335,0.5093333333333333,0.216,0.42561175719131317,0.42730496453900707,57.666666666666664,14.63195928766718,10.969655114602888
2022,Michigan,Sweet 16,1,3,2,1,0,3,2,67.22083333333333,24.666666666666668,54.333333333333336,0.462,19.333333333333332,38.333333333333336,0.5163333333333333,5.333333333333333,16,0.3313333333333333,14,18.666666666666668,0.7213333333333334,7.333333333333333,28,35.333333333333336,13.666666666666666,4,5.333333333333333,12,11.333333333333334,68.66666666666667,4,67.86666666666667,101.71515570839479,96.28312320900189,0.5107771706132362,0.548834418919484,0.3527373001416717,0.29434831005869255,0.1595455501681894,0.09249878794004604,0.2514245014245014,0.7567963567963568,0.38166666666666665,0.44866666666666666,0.25133333333333335,0.4427140698074167,0.16339553860424086,64.66666666666667,3.8514211464078465,2.886751345948129
2022,Providence,Sweet 16,1,3,2,1,0,3,2,67.41666666666667,25,61,0.4166666666666667,17,38.666666666666664,0.444,8,22.333333333333332,0.361,10.666666666666666,14,0.769,8,26.666666666666668,34.666666666666664,13.666666666666666,5,2.6666666666666665,7.333333333333333,16,68.66666666666667,10.666666666666666,66.98333333333333,102.88561360497201,85.79911898801873,0.485431027298594,0.5164898669017385,0.23042489612724262,0.36876614640999084,0.097886208336447,0.11779769749363914,0.2436299081035923,0.8315924219150026,0.39166666666666666,0.5246666666666666,0.16066666666666668,0.4212476947084693,0.3513737173121483,58,4.63983008168412,7.54983443527075
2022,Purdue,Sweet 16,1,3,2,1,0,3,2,68.25833333333333,22,49.333333333333336,0.4483333333333333,16,29.333333333333332,0.5463333333333333,6,20,0.303,24.333333333333332,31.333333333333332,0.8006666666666666,9.666666666666666,28.666666666666668,38.333333333333336,12,5,3,12.333333333333334,15.666666666666666,74.33333333333333,9.666666666666666,66.88333333333333,108.68963690453619,94.91977045212079,0.510120585701981,0.5776541284293714,0.6648680143892182,0.4052034250392664,0.16137337353481837,0.11582334302111406,0.3645833333333333,0.7853835978835979,0.38366666666666666,0.431,0.29266666666666663,0.4372860255213196,0.24665421724245254,64.66666666666667,12.872128339507727,7.767453465154029
2022,Texas Tech,Sweet 16,1,3,2,1,0,3,2,67.28333333333333,29.333333333333332,59.666666666666664,0.49766666666666665,22,41.666666666666664,0.5413333333333333,7.333333333333333,18,0.3943333333333333,10.333333333333334,15,0.6683333333333333,8.333333333333334,23.666666666666668,32,15,6,4,9.333333333333334,16,76.33333333333333,12,67.79166666666667,112.84631683666092,95.40240567850553,0.5609199338012898,0.5762434012214727,0.2587836938119424,0.30416214879491715,0.12290351992086673,0.15932633764174753,0.28626233889391783,0.8005481762597512,0.4093333333333333,0.45066666666666666,0.3406666666666667,0.4837801087801088,0.2920012086678753,64.33333333333333,16.773225704070143,12.662279942148386
2022,UCLA,Sweet 16,1,3,2,1,0,3,2,60.53333333333333,24.333333333333332,54,0.4563333333333333,18.666666666666668,39,0.4726666666666666,5.666666666666667,15,0.3883333333333333,10.666666666666666,13.333333333333334,0.771,5.333333333333333,21,26.333333333333332,13,6.333333333333333,3.3333333333333335,6,11.333333333333334,65,4.333333333333333,61,108.24892806892325,99.86971496658549,0.508852353990269,0.5431288127596603,0.26093882568870885,0.27628867764445136,0.09035650625058068,0.12588957229491915,0.19113717823395243,0.6889983579638752,0.4043333333333333,0.474,0.297,0.4661341952447074,0.19255317907609013,60.666666666666664,10.195087005899989,10.785793124908958
2022,Arkansas,Elite Eight,2,4,3,1,0,4,3,71.8125,23.25,60.25,0.3815,17.5,39.75,0.436,5.75,20.5,0.27525,15.5,18.75,0.83075,5.75,26.75,32.5,11.75,6.5,3.75,8.75,17,67.75,1.5,72.15625,94.57749143570624,92.65276254288958,0.42853095539290986,0.48939948671718825,0.32712211228577454,0.33963208939489775,0.11261406436157789,0.163994777621608,0.174466669315112,0.8119642505831763,0.4275,0.49175,0.311,0.48026416110930387,0.2834763337670787,66.25,19.833449500817213,12.86791876463841
2022,Houston,Elite Eight,2,4,3,1,0,4,3,63.128125000000004,24.25,56.5,0.42875,17.75,35.75,0.49424999999999997,6.5,20.75,0.31225,11.5,17.75,0.6405000000000001,12,22.5,34.5,12,6.25,4.75,8.75,15.25,66.5,8.75,61.68125,104.58397652739896,91.24007321409991,0.48706512042818917,0.5112886032856846,0.32093740707701457,0.3684396372286649,0.11895505072439758,0.16921385536422065,0.3547362724994304,0.7195282567049808,0.35625,0.41874999999999996,0.26475,0.4109037952787953,0.3210968660968661,57.75,9.021791961306617,8.0156097709407
2022,Miami (FL),Elite Eight,2,4,3,1,0,4,3,71.653125,25.25,58.25,0.43074999999999997,21.25,39.25,0.53875,4,19,0.19,12.25,16.75,0.72375,4.5,24.25,28.75,15,10,5.25,8.5,14.25,66.75,2,70.20625,93.14883501913921,90.4746365560791,0.46561147186147184,0.5021036595402164,0.29001623376623376,0.33084415584415583,0.11306701081257078,0.1732842941264844,0.13835940507617006,0.7192222981696665,0.413,0.4685,0.29525,0.46268549548755034,0.27061542758032747,64.75,12.442305554223674,8.539125638299666
2022,Saint Peter's,Elite Eight,2,4,3,1,0,4,3,68.628125,22.5,56,0.40325,17,39.25,0.437,5.5,16.75,0.324,17.25,20.75,0.851,6.25,22.5,28.75,13,5.5,5.5,9.75,21,67.75,-0.25,69.35624999999999,98.30191814394391,98.92315346127097,0.45222332560962153,0.5133453569827985,0.37722056714112323,0.299771047114642,0.12724883745142368,0.13627654782846943,0.21635216947716948,0.6594159949423107,0.40199999999999997,0.46675,0.27775,0.4533329830460978,0.41914494885806364,68,5.399413548458716,8.205689083394114
2022,Duke,Final Four,3,5,4,1,0,5,4,68.3775,29.8,58.6,0.5142,23.8,41.4,0.5784,6,17.2,0.3578,13.6,17,0.8266,7.8,23.6,31.4,13.4,5.8,6.2,10,13.6,79.2,7.2,68.875,115.98953476753242,105.16596251204865,0.5661053794755811,0.6009468005118861,0.292477529579026,0.29150797093217395,0.1326081030829151,0.11111015621577401,0.26787513935340024,0.6810163973957077,0.42019999999999996,0.4462,0.359,0.4793911901270772,0.19967967516354615,72,8.673879468502557,7.54983443527075
2022,Villanova,Final Four,3,5,4,1,0,5,4,60.7075,22,55,0.3996,12.4,28.4,0.438,9.6,26.6,0.3538,12.2,13.8,0.88,9.6,21.8,31.4,10.6,4.6,1.8,8.6,12.6,65.8,5.6,60.555,108.2397616949702,99.4947797947732,0.4864389000829679,0.534445113608031,0.2540174336516888,0.48151579612774975,0.12265729837936033,0.1262915158098652,0.307148116096392,0.6773909131803869,0.408,0.4866,0.2786,0.46206474291375066,0.24576908573802447,60.2,24.481312578865968,13.442470011125186
2022,North Carolina,Runner-up,4,6,5,1,0,6,5,74.29166666666667,27.333333333333332,65.83333333333333,0.41766666666666663,18.166666666666668,38.833333333333336,0.47483333333333333,9.166666666666666,27,0.3348333333333333,16.166666666666668,22.166666666666668,0.737,13.166666666666666,31.5,44.666666666666664,15.5,3.8333333333333335,4.333333333333333,10.833333333333334,15,80,11.166666666666666,74.02916666666667,107.66163095176228,92.4462758657891,0.4880327570545283,0.5246635006512907,0.34688381277685354,0.4105401107922693,0.12220812253361232,0.09132809035431988,0.3481903255839426,0.7866922088270516,0.385,0.4378333333333333,0.2813333333333333,0.4289499438254164,0.2047533815098994,68.83333333333333,12.624800154358939,12.703018014104627
2022,Kansas,Champion,5,6,6,0,0,6,6,70.68541666666667,28.333333333333332,61.333333333333336,0.463,21.166666666666668,43.166666666666664,0.49433333333333335,7.166666666666667,18.166666666666668,0.373,12.333333333333334,18.333333333333332,0.658,9,29.166666666666668,38.166666666666664,14.666666666666666,5.5,5.166666666666667,9.666666666666666,16.166666666666668,76.16666666666667,14,70.70833333333333,108.9354994983071,88.88496478380738,0.5219169056221119,0.5470474829312361,0.3060868431896153,0.29865269862734367,0.12028498857052662,0.13494787590013235,0.28752204585537916,0.7546460923840543,0.3446666666666667,0.3755,0.266,0.4001274657583483,0.271997437300334,62.166666666666664,16.45858684533508,8.232051182218601
