season,team,tournament_finish,finish_weight,PC1,PC2,PC3,PC4,PC5,PC6,PC7,PC8
2012,Baylor,Elite Eight,2,-0.6899002511909725,0.6651270819828298,-2.1397455304456603,-0.7973045602441342,0.6600181232811931,0.27868803078426363,1.1678374053504639,-0.9656516958570251
2012,Cincinnati,Sweet 16,1,-2.1946190175344698,1.3919956654705543,-0.005482469069638479,0.9177533932121241,-0.16454725774028559,0.41528847890382964,1.499901777180985,0.37011810685896146
2012,Florida,Elite Eight,2,0.3788110332837816,-3.697703351802011,1.358245014115886,0.526194515094466,-1.1909495824031076,0.5745810987048864,0.8848120443642508,-0.7074135573203042
2012,Indiana,Sweet 16,1,2.258049833031831,1.692184524244591,-1.5050631934185734,0.800784758638928,-0.7322422685332082,0.6209238108045656,1.9138871448148933,1.3517874306019624
2012,Kansas,Runner-up,4,-3.435931276571085,-0.2427710887537522,0.30713780987370193,0.04248210308791094,3.261410692656508e-4,-1.0643016726897918,-0.021902955882777565,0.9608477370305146
2012,Kentucky,Champion,5,1.1581032355817142,-1.6926298821861223,-2.0199413596312654,0.6950847432837048,-0.6899183770193461,-0.20524087696154839,-1.527427194956344,1.3075855313592966
2012,Louisville,Final Four,3,-2.651117746775409,0.4789773992672396,0.23569904452171875,-0.2545692745249218,1.149557287459368,-0.5918470430427616,-0.029329090096039397,0.9729723483131641
2012,Marquette,Sweet 16,1,-3.9727762034209695,-0.6058356821646047,0.8648444391332657,-0.7921936703738461,-0.346569184024123,1.0614352308230464,-0.2594400789353618,1.119630542823033
2012,Michigan State,Sweet 16,1,-1.0067728613308051,-0.007343604961327615,-0.255797822459519,0.05218805291006323,-1.1589388151347437,-0.6341742518230942,0.6939273995556405,-0.159435113227279
2012,NC State,Sweet 16,1,-2.550651890324832,-0.1732282768568695,-0.4561435655728256,-0.17883325970622008,-0.35046064219165657,-0.945643928445686,-0.4726552446128525,0.5365787694838176
2012,North Carolina,Elite Eight,2,-1.6542057040542095,-0.33034095808962705,0.3091086279175307,-1.1500249911969074,-1.089688898297493,0.22544878326893125,0.31133953404605635,1.5670752963469452
2012,Ohio,Sweet 16,1,-1.0883892079269433,1.2680167148077057,1.169548887222385,2.0567175143169156,1.4496497654765503,1.1587162690378663,0.12853323806006092,0.03893730557983685
2012,Ohio State,Final Four,3,-1.0014292165117662,-0.9185167157390624,-1.5323813414240677,-0.17065221154981275,0.35045305668873794,0.4065927102946151,0.5274687801921103,0.1959159352199564
2012,Syracuse,Elite Eight,2,0.918274308299953,0.8016919964306001,-1.8666457567213506,2.2573748850045896,1.5288427675842495,-1.1679283324496639,-0.2271127832710637,-0.010322888446086531
2012,Wisconsin,Sweet 16,1,2.1271889108181794,-0.46952171854020597,1.6555696259741528,0.049566493866992634,1.2054819428347536,-1.0843219315087753,1.405598105135042,-2.038633369735886
2012,Xavier,Sweet 16,1,-0.17784914397763663,0.6131043225392947,-1.3450268299873398,0.4127918011660004,-0.17720976868832639,-1.0957188557222732,-0.25239143762330685,0.8715844980586971
2013,Arizona,Sweet 16,1,1.7679555610105684,-2.4288267035594284,-1.140260225427515,1.1645226391015973,-1.222941130528981,0.39303359244773695,0.12739688355442078,-1.1184015025758853
2013,Duke,Elite Eight,2,-1.0825691636785448,-0.0756716473230441,-0.9091186003866043,1.6003938111946243,0.43335922494495005,0.6686977903197001,-1.7512531922563097,-1.2212243430625211
2013,Florida,Elite Eight,2,-1.017978565441343,-1.3324663967937909,-1.3496751652264165,-0.026880239674047367,0.6961469434465076,0.42816279643328214,0.7017569632521535,0.5256415158677814
2013,Florida Gulf Coast,Sweet 16,1,-1.2831521778154242,0.4136869298804868,-1.083297480329743,2.517997108644614,-0.9252748818214305,1.4078812857997547,0.7390272699567086,1.519173324822389
2013,Indiana,Sweet 16,1,-1.809165065924433,-0.6668772439875221,0.2131462012539334,1.030969333255509,-0.7313892215975739,-0.4685870205555209,0.6563923320407439,0.5969603160516344
2013,Kansas,Sweet 16,1,-1.5248674790520507,-0.9047999081794753,-0.8187226572423689,1.6671386302625053,-3.0916486307343582,0.5145234623792043,0.16538281588829612,2.2185528139509683
2013,La Salle,Sweet 16,1,1.7445702746851477,2.282560417336781,1.0092352137350602,2.402293442782596,0.6678274809204368,-0.15402330086768506,0.20239004260479218,0.4364144186009302
2013,Louisville,Champion,5,1.2613053524803048,-1.9912805367647317,-2.9564269826500746,0.0075746564148073126,2.3584414039170003,0.6151279015898252,0.6148029337979104,0.3687114783911083
2013,Marquette,Elite Eight,2,-3.2392280668489843,1.1818447472643736,-0.8680678671555853,0.22607398515026558,-0.32705067996242493,-2.0013343743604795,0.5780059312578408,-0.35799333064756766
2013,Miami (FL),Sweet 16,1,0.34152314547951645,0.048296670576684825,1.1854894715131366,0.021739904854874786,1.9947835851133369,-1.984343162881269,1.140397536471803,-0.4759846838870744
2013,Michigan,Runner-up,4,1.1756364518095457,-0.7372132360377912,0.5885795100889644,-0.48186645474232787,0.4144146634315887,-0.15545970640528722,0.8669779587541216,0.7943632795762035
2013,Michigan State,Sweet 16,1,-2.3025999713127634,-1.8437314411332872,-0.9715466485104569,0.008470526398684324,-2.197021931591556,-1.2729811354961291,1.1674067037096105,-0.20350861715205498
2013,Ohio State,Elite Eight,2,-0.5786249615960127,0.3128179053282891,-0.9760489728483323,-0.05394039723226207,1.2608341929351028,1.4653975484175144,-1.5010807226983727,0.141798474127109
2013,Oregon,Sweet 16,1,-2.003499292446639,-0.8378542609881131,-1.4318003109632058,-0.7033444552269036,-1.1070610625342463,1.2501510794796804,1.633899719549169,0.2908405591183544
2013,Syracuse,Final Four,3,-3.712194887585219,-3.4813787235783216,-0.5323172329806654,1.5221837823800366,1.6024303740249897,-0.01692945853705788,-0.5221000369397875,1.1225532894145847
2013,Wichita State,Final Four,3,-1.1409392571540655,-0.8363517917714964,-1.2365759424371705,0.9352783058883594,0.65099189182469,-0.22885142626859628,0.280278936117779,-1.3810444743412322
2014,Arizona,Elite Eight,2,0.11531306629731791,-0.847341859862376,-0.13062454215536626,1.0057765933884486,1.503474074869074,-0.7086302865682542,-0.8744433636744666,0.9135596472688999
2014,Baylor,Sweet 16,1,0.14947510341362477,-0.8784778665654196,-1.2062658901724581,0.3387870028469969,0.26383113277689096,-0.22053461809680475,-2.1168716474131126,-0.4254826033607207
2014,Connecticut,Champion,5,0.2716467210198854,-0.29380677932184807,-0.04113208115253253,0.5733418936872777,1.329987166575063,1.2266288800070329,-0.1612357559223268,-0.37937521720033085
2014,Dayton,Elite Eight,2,-1.7139835138609616,0.7544263975594239,0.22713261684705488,1.841261962682015,0.16042186543647002,0.002626863533876589,0.2947116907065124,-0.7849234466977254
2014,Florida,Final Four,3,-0.9389239590261553,-0.7725274466434446,0.40186560878998073,-0.9324907084645917,0.2744204178844466,-1.697944598830107,-0.1536724564760486,0.2375397039498361
2014,Iowa State,Sweet 16,1,3.125759396977116,1.2148646014381062,-0.8923124572652769,-1.314316160451431,-0.7197826406687575,-0.004782726123008972,0.18615980277375874,0.3322049497641044
2014,Kentucky,Runner-up,4,0.5089218720260245,1.1935495752263776,-1.9090020136436914,-0.20128536350845916,-0.24038576755815758,-2.346798672849463,0.4319775503350276,-0.17784921688750754
2014,Louisville,Sweet 16,1,-2.5182260830599317,-0.45539031737254543,-2.3384423917038597,0.8464407689594334,0.686299777686864,0.5056619007099725,0.6621436634630228,0.22459430417359294
2014,Michigan,Elite Eight,2,3.2381710703390207,0.24727147202153782,1.3124644254047548,2.0291859031376287,1.4096022687015712,-1.8697908682579174,0.9553707410830693,0.5572195437058671
2014,Michigan State,Elite Eight,2,0.3018845827543416,-0.4563451189366287,-0.6269867244756369,1.5029167464192104,-1.2716746415019813,0.9203096317088115,0.3120238483172807,-2.5024935755611986
2014,San Diego State,Sweet 16,1,-1.3693295563958836,-0.3718023544096586,-0.6991761037878045,0.4191432467774983,0.4993283705296897,-1.3966075418372663,-1.6657790761305422,-1.3463173890016815
2014,Stanford,Sweet 16,1,-3.4406726684090647,0.8021693096323793,-0.768681897746498,1.122961675135175,-0.8836433565637303,0.3645264480813063,-0.7521170352618158,-0.25334270655200974
2014,Tennessee,Sweet 16,1,2.6313707713616457,-1.0143098897680096,-1.3687459144730632,-1.6870269831239744,0.23832285786410795,-1.9242010730275383,-0.5839171037402064,0.002208683082773555
2014,UCLA,Sweet 16,1,-0.10310490930166663,0.01380419147377721,0.695841894975958,-0.8128277936205038,1.3171080119649463,-0.16312732510615643,-1.3718231238366025,1.0084848683878374
2014,Virginia,Sweet 16,1,0.9222297068806823,-0.8021905243335541,0.5054242316051615,0.3459549181721159,0.016854244638111082,0.12835683197512032,-2.054309450509709,-0.6581463852777767
2014,Wisconsin,Final Four,3,1.2931922322897635,-1.807603274265297,0.4214354615447777,0.3096143279804615,1.02117675493174,-0.4774870668272061,-0.5148316112331751,-1.205805004616235
2015,Arizona,Elite Eight,2,1.462004586799654,-0.4277971050179875,-3.185581296799211,-0.7654308744567663,0.6763437245036009,-0.17719694498196048,-0.7556208290206156,-1.1288885221876734
2015,Duke,Champion,5,0.7089942903365049,-2.71378286287496,0.6886481736874331,0.43484816508291,0.7557431163183173,-0.7280803320138461,-1.1577710795409724,1.5752783992331971
2015,Gonzaga,Elite Eight,2,1.1070399106084727,-0.16092508706979164,-0.12635097113994243,-1.246480861968345,-1.2053368022852222,-0.8540260170541482,-0.5611150437333378,0.18459077355738396
2015,Kentucky,Final Four,3,-1.0213213777829666,-2.454765659638226,-0.990358177232493,0.8739343565967502,0.9355874884185095,-1.3466832063491574,-1.3393605752855307,0.9726736474684554
2015,Louisville,Elite Eight,2,-0.8732901259569505,0.49352682247085833,0.06723673207290665,-0.5890471294019465,0.9595650501569295,-1.8379043377629807,-1.147015026103242,1.209526494432513
2015,Michigan State,Final Four,3,-1.4401187240251618,0.6993574306929486,0.0054478788286798085,1.8751346896099488,0.497148618241959,-0.5605500257870435,-1.3564981053271374,-2.046748240577614
2015,NC State,Sweet 16,1,-1.2020836524019882,1.7836503730516127,0.20915459685116666,-0.11685522503401519,-0.6108094117682453,-1.682293803240073,-1.1290736967567943,-1.5951729417133813
2015,North Carolina,Sweet 16,1,0.6850125300339027,1.2447099992557997,-2.924490185881223,1.4333821311836688,0.03906968146252804,-1.4485183025929749,0.015593233452308806,0.8565830438287012
2015,Notre Dame,Elite Eight,2,1.3307287949721354,0.8183133230772633,0.013288051572805736,1.6602856217589923,0.7894994645441473,-0.5227220687255886,-0.6266087110581432,0.8525786689756625
2015,Oklahoma,Sweet 16,1,0.042176863988225635,0.5399608174475209,0.029695032301074786,-0.1372897122803537,-0.054373143566988524,-2.5417640121613574,0.8000503891905469,-0.6943713684449926
2015,UCLA,Sweet 16,1,0.1757681576275519,0.8524855062669126,-0.45636722981845956,0.845007339187853,-1.346719318919181,-1.444644950197583,0.322466739009943,0.5950298361436858
2015,Utah,Sweet 16,1,-0.7828174318256762,-0.36236033934170503,-1.5330806276794777,2.6128858069040923,-0.18860403080258348,0.17547265921049265,0.6173175213769101,0.10927001930577926
2015,West Virginia,Sweet 16,1,-4.122808463218723,3.7993287425810407,-1.9562648508135045,0.34627581682079617,2.2118880876728175,-0.06201404140593014,1.320336638712451,-0.7460247434326012
2015,Wichita State,Sweet 16,1,-0.07479802911914932,1.722258269861433,-1.1275866766984477,-0.40989782113039713,1.117127573076038,0.010947368015400319,-1.199052309908666,0.1057308219712676
2015,Wisconsin,Runner-up,4,3.4002614565608162,0.6684514263792086,-0.42415246767220316,-0.3785037284251949,0.2914685687622211,-1.2072020575890412,-1.1672216888338114,-1.7958264404582729
2015,Xavier,Sweet 16,1,2.6514445937129336,-0.4575764433627411,-0.941676773458288,1.872408473327883,-1.2369728503131268,-0.5719212487520281,0.6653621286880465,-0.1558269141486311
2016,Duke,Sweet 16,1,1.85324034700307,1.8316671645127955,-0.05773751014329703,0.8414341222381271,-0.3683041118766194,0.14444602937418843,-1.381854335080913,-0.0809557623802909
2016,Gonzaga,Sweet 16,1,-0.7368481201953461,-2.262392787063762,0.9287588185145599,0.03946898692103147,-1.1770721557767625,0.1710913551791107,2.1017595132321376,0.8897353554642716
2016,Indiana,Sweet 16,1,3.0952809066146414,0.9375026170317131,-1.702555430345383,0.7299248542565262,0.5572464712275281,1.8825286639709797,0.6609816866880682,-0.3760261872000976
2016,Iowa State,Sweet 16,1,3.268089586465308,0.8606244552068466,0.6134636073727706,-0.12708893659102816,-0.16286045573802455,1.7983021701952249,-1.7873366973094882,-0.36519316214203734
2016,Kansas,Elite Eight,2,0.19698592600941586,-1.9234088820726307,-0.7924178864186044,-0.45089593456885796,-1.5287506590490678,0.5921662196912321,-0.4547655518524975,-0.4084848931493975
2016,Maryland,Sweet 16,1,0.07090513825637544,0.9689610175235829,0.665047159041428,2.345816660461156,-0.7407293873550755,1.4792780635385867,-1.5096792135748969,-0.8003215866307296
2016,Miami (FL),Sweet 16,1,2.0607769305015173,2.3379147133092815,-2.1245001064793714,2.7779587280430955,-1.1255845190546827,0.6156918456555897,0.40895131095676396,0.3140195743618212
2016,North Carolina,Runner-up,4,2.985578059338667,-0.6584177018960624,-2.523021474713459,-1.813417474962972,0.7432536265355663,-1.123498974823081,0.6602293864511719,0.059975668033733665
2016,Notre Dame,Elite Eight,2,3.58210850365473,2.2297694401241546,-0.35647805681495015,2.1226520601296204,-0.2274665964746019,-1.7662801911637616,1.185104544516739,1.0754345575346798
2016,Oklahoma,Final Four,3,0.5989486987338697,2.360596225944491,-0.6390898518306201,0.5563451366552902,0.19090291223225767,0.7978122918467224,1.8638707293957468,-0.35714231624680076
2016,Oregon,Elite Eight,2,0.5319004955757403,-1.0529274274293186,-0.01943062557642948,-0.7643037891338195,0.4772660437778652,0.23533760599960243,-0.5916429053079459,-0.5224914670800553
2016,Syracuse,Final Four,3,-0.8316735560388664,-0.22882511839526345,0.5559596681260549,0.0872760644492443,0.8776351142225035,-1.511775978549794,0.7948822876838182,0.7288799303086928
2016,Texas A&M,Sweet 16,1,-1.4152118725177303,-0.0032025803956012913,-1.1423232729110562,-2.1611356636442345,-1.6796530595736079,2.9757750762064266,0.6377024410483639,-0.44658952248888134
2016,Villanova,Champion,5,4.9766404359128815,-3.045871207799797,-0.3489476425300713,0.68698158825647615,1.4274446675142132,1.2512846852385997,0.9614570610174384,1.6843238800939435
2016,Virginia,Elite Eight,2,2.118715322414396,-1.663918748447466,0.6332732398023755,-0.2900028661544752,-0.5385267476739957,0.023878164128816638,-1.2700515581497542,-0.1409550860894662
2016,Wisconsin,Sweet 16,1,-3.714016690260483,0.44544349391359284,2.6283759017559687,-0.1852511263480642,-0.8583834828891082,-0.9085974803313395,1.0358851267957943,-0.7159202906818866
2017,Arizona,Sweet 16,1,2.317678008677855,0.4029870807965045,-0.7681121351422256,-1.7709464070066745,0.03715464074371738,-1.21200904059969,-0.8401812114255447,0.4219787820187121
2017,Baylor,Sweet 16,1,-0.1329793574176996,1.925873581453103,-1.7705146204713895,-1.5241537551073112,-0.6375819297255818,-0.5138428064889737,1.137095222050295,1.174424854372181
2017,Butler,Sweet 16,1,1.2901991145672418,0.9216135549777001,-0.3138631232691069,0.15006704373817364,-1.0227304974418727,2.037921890391047,-1.4607892057097314,-0.8009565898747588
2017,Florida,Elite Eight,2,-0.3664394839448949,-0.6333256926481952,-0.4018420625250322,0.6386011065317834,0.5908572035485457,1.1174783237559007,0.9530381548895025,-0.3018365117766625
2017,Gonzaga,Runner-up,4,-2.169725851195311,-1.4654111481939391,0.13747177427770274,0.9258868101609964,-1.024267131232172,0.3622706076329911,-0.8694902694074007,-0.13393511840314787
2017,Kansas,Elite Eight,2,2.7677720030045014,-2.218930601135712,0.4561605005500883,-1.9770228357340986,0.8835672835168487,1.1097876134550968,0.12280100951526254,0.3947822283047891
2017,Kentucky,Elite Eight,2,-0.1352198815105001,0.7839954974861105,0.6677634305990299,-0.9211520789292102,0.5519681346614761,0.23107168868966976,-1.0723863237859608,0.7568211882151543
2017,Michigan,Sweet 16,1,3.8095924955623652,2.686540683277431,2.2915483007250517,0.7365441115110297,1.0766344496856541,0.4927711571517749,-1.2976225125390966,-0.32923759153028026
2017,North Carolina,Champion,5,-1.138283497935598,-1.1124597311309492,-1.1074156000941229,-1.7055155892907201,0.16465973223753358,0.6697822103023273,-0.3154701178777075,0.0547576367428039
2017,Oregon,Final Four,3,1.3938519984662265,-0.09623300720393607,-0.0325915707181037,-0.48843100272008083,-0.8337534424173767,-0.19786005459618025,0.32752864201770543,-0.09814270812829995
2017,Purdue,Sweet 16,1,2.290732182051457,3.780897472365668,0.45265009453796623,-0.9660965166873202,-1.9938726301798768,-0.07065868996738148,0.9067967292485453,-0.8629018612908801
2017,South Carolina,Final Four,3,-0.1290460645835684,-0.6391266645802471,-1.2865477242938155,-1.3527394601336273,1.2395933719249634,0.9747283172446104,-0.23469684702570587,0.4115442163403208
2017,UCLA,Sweet 16,1,4.983988239325036,1.1501555834259805,0.8851643569001435,-0.08524184115556396,0.06325778101698426,-0.2984141499109809,-0.8436180112205596,0.3690754915525867
2017,West Virginia,Sweet 16,1,-2.128197311947902,0.3032825454755971,-2.953900987293702,-1.298564383726577,0.6403480370185083,0.7365295345041456,0.11406542657763247,-0.6541096532502941
2017,Wisconsin,Sweet 16,1,1.737552211761747,0.7178886457481247,-2.083848019553339,0.6809885851305741,0.045528120995454224,0.28999255291442805,0.5944011300290192,-1.9151269663167123
2017,Xavier,Elite Eight,2,1.1735513762134968,0.8592288181558224,-0.4183743511932088,0.7578354878244848,-0.3032297447740069,0.2878045346006504,-0.6405257441215386,-0.08186933065261355
2018,Clemson,Sweet 16,1,0.7974094892770756,-1.5057618330238887,1.0106994323615548,-0.6913899942652159,-0.2504782931649362,0.713336116511587,-1.0422362827399596,0.3660353053749573
2018,Duke,Elite Eight,2,1.951451088317361,-0.47855298976139943,0.03693379187574963,0.11560202337239617,1.4169736943062563,0.4804292784190082,1.3163252925429154,0.43168381736529227
2018,Florida State,Elite Eight,2,-2.8940055386426513,-0.8401359454612203,-0.785597878620347,0.7352643892571662,0.711607684318772,1.752437347490054,-0.28744640820926315,-1.030781514132623
2018,Gonzaga,Sweet 16,1,-1.447718866057601,1.7941534054828199,-0.26719873533028826,-0.6067186302981598,-0.9438759515021131,0.7051264936977695,-0.29379541807110365,-0.09138266149448804
2018,Kansas,Final Four,3,1.343183107706791,1.6831456689140913,-0.024132392321120244,-0.9073472557973088,-0.5101899808061168,0.7128750005214022,0.31713564978000347,0.37297148300191163
2018,Kansas State,Elite Eight,2,-3.759311170548702,0.8925765400746264,0.3447630762916797,0.7295106597603337,1.1821504542323367,1.4229991408899538,0.3167525193915828,-0.5764369893515982
2018,Kentucky,Sweet 16,1,-0.4630404774492528,-0.8762805855152959,-3.0279358951650073,0.6140202047345736,-1.4622717845531146,-0.3308415968254837,-1.5410019639405688,0.30268049577868816
2018,Loyola (IL),Final Four,3,0.7508202241437749,0.8429620936247038,1.1712963912209795,1.6718035547049457,-1.6197503265601356,0.720239528946019,0.8019837232631215,1.0647585824857673
2018,Michigan,Runner-up,4,-1.1298122078740016,-0.40881026333609055,1.7478603918415712,0.5511519814997101,0.7874173459727619,1.3707879159857979,-0.20357006180560003,-0.30348861000920496
2018,Nevada,Sweet 16,1,1.8746689526542129,2.183308528369235,1.8728843468124412,-0.934743845409023,0.7243448747710137,0.41383791587754026,-1.2328852048872574,-0.15449401767023752
2018,Purdue,Sweet 16,1,0.2748488431710566,0.299573398728848,0.3689899932262751,-0.12903933267537188,-0.0300257988930182,0.43789793959718015,0.8006570858943011,-0.18477574283653558
2018,Syracuse,Sweet 16,1,-3.0073177151710193,0.4242468613995964,-0.24945856699567656,1.8941935322461938,0.6217639973904714,-1.5956159104138854,-0.3650165241538085,0.27944593553588815
2018,Texas A&M,Sweet 16,1,1.2537492210397332,1.4731019159469578,0.2641436194336273,-1.5904373193764751,-4.173376935288672,-0.19044412237139274,-0.35222028389389504,0.30127202372690076
2018,Texas Tech,Elite Eight,2,-2.081366303140399,0.5543853848902616,0.06287903451241517,0.32827617211941357,0.927927718717403,0.1661109873313731,-0.41116333728343696,0.1683292839987106
2018,Villanova,Champion,5,2.5511869337436246,-2.829498937538683,0.3944017543094785,0.18590741897968435,0.3649107948702974,1.6085138636301828,0.9875580650142095,-1.543067123651892
2018,West Virginia,Sweet 16,1,0.6745327359535032,0.3487516322372416,-2.3750240007130947,-1.6440163869325193,1.8156508826207034,1.4149718153309068,1.1345487346476884,0.09139530930463768
2019,Auburn,Final Four,3,2.2403226687559283,0.9435904595161826,1.0740849799084704,-0.10919473180356372,1.9616332174670537,1.5849966811519458,0.07687615850874815,-1.1742056713482343
2019,Duke,Elite Eight,2,1.2770053636438934,0.19302274431700234,0.6936963674060517,-0.8756001605162153,-0.5385777128788073,-0.3481414161276072,0.7879168030460054,0.2729712564529545
2019,Florida State,Sweet 16,1,-1.7339961634658467,-0.1620116034940775,-0.0414563508233646,-1.711100100910938,0.1480475676685337,0.9624775643173671,-0.04629218304098599,0.48061614966022326
2019,Gonzaga,Elite Eight,2,-0.3941794785022532,-2.4940555855693196,-0.0838961179688407,-1.0628455003500228,-0.439056935299021,1.3024768875512351,0.8090494389715446,-0.08076470410136444
2019,Houston,Sweet 16,1,0.028563388807103796,-1.5952125205183512,0.8984182080296839,-0.6044275099411859,1.6815927049177621,-0.013094801686544977,0.0830289826353156,-0.6692781316854192
2019,Kentucky,Elite Eight,2,-0.8713991908922982,-1.8301757051466045,-0.41636664993229905,-0.28689102595565485,-1.1984145939129751,-1.6297132989666623,0.5028271962016616,0.37378558479587753
2019,Louisiana State,Sweet 16,1,-1.4270542583746124,2.552009815496174,1.1997005382348258,-0.2086917194003609,-0.6672014917884701,-0.9520930239232088,-0.9602732007213212,0.19468913395904508
2019,Michigan,Sweet 16,1,-2.5246501207858105,-0.8447221097335993,2.235770195928371,-0.5991143501189251,-1.9506656068502488,-0.9385404236167638,-0.20596733563310327,-0.14079842503571216
2019,Michigan State,Final Four,3,-0.22232034551950386,-0.7848285747222722,1.0682512013129855,-0.8480376316606109,-0.5811157893602393,-0.7631638236334853,0.8177663536796766,-0.640780748746463
2019,North Carolina,Sweet 16,1,1.331148701129181,0.548188933712174,-0.7100494323868307,-3.165468661859363,-1.4304400140895925,-0.1288553883062199,1.7943170046162313,-0.03203652835919424
2019,Oregon,Sweet 16,1,0.6000815206567692,-1.5549791855885824,2.868445268692919,1.3976013023642586,1.1760621667750457,-0.5289822734852675,1.57442683372058,0.7548383275174471
2019,Purdue,Elite Eight,2,3.576121682650998,-0.7507109093701267,1.6201828156254587,0.9462093012250989,-0.4650071247571561,0.5050389170459079,0.21390060419673163,-1.6980563684955867
2019,Tennessee,Sweet 16,1,1.985287008033828,1.9097658709273406,-1.1627959709154987,-1.6579001234844444,-0.15144719090931125,1.1873545896122293,-0.12081328601082197,-0.9424311195548649
2019,Texas Tech,Runner-up,4,-0.7258894676751214,-1.2447888762305361,1.5124906527176576,0.2439848808268601,0.9046761330773735,1.7443158019645741,-0.24184427918776066,0.15961520827750608
2019,Virginia,Champion,5,1.337093192555979,-0.10310478382784699,2.0286672038886935,-1.4057603869728215,0.15850693105854424,-1.2170717082711846,0.8918447693307073,-0.7183998930174301
2019,Virginia Tech,Sweet 16,1,-1.2264673917365547,0.11755087148650444,0.19869086519423396,-0.6321105841143111,1.1341508274903114,0.12763943399209168,-0.24141935767336628,0.8133751409740322
2021,Alabama,Sweet 16,1,1.4043065949709201,-0.2727578361549576,0.12159493332785076,-1.8351259999380996,-1.4957842190568225,0.17933067776545092,1.0948666752466185,0.00832230217154617
2021,Arkansas,Elite Eight,2,-1.932328628050601,1.0940053194385029,-0.7379805192883481,-1.6406612724756415,-0.2550858811478989,-0.09629049821824107,-0.43164757507218793,1.5133487226558016
2021,Baylor,Champion,5,0.745310342679503,-1.6063632104421155,0.23948121421367533,-1.8447177326940678,2.8264137578088904,-0.05124260339029667,0.7687413988695502,0.5362864136858401
2021,Creighton,Sweet 16,1,-1.3598934650819645,2.0800680605095954,2.5183650734156053,-0.6103693689295958,0.11561943945791883,0.5712699684971791,0.5206436070911359,0.6600740766369955
2021,Florida State,Sweet 16,1,-1.511509048548314,-0.03766103938352605,0.5891194630871008,1.90158381585983,-0.9828173710725979,0.28624792006317445,0.6730941162450303,1.2083926615403355
2021,Gonzaga,Runner-up,4,3.20376023819917,-1.366357283023788,0.16470751188382649,-0.046321608342528714,-0.9668621790836422,1.4787393896632057,-0.022071645117662783,0.4958021975127561
2021,Houston,Final Four,3,-1.1948852047754313,-0.0171098044563062,-0.2355836267737984,-1.4233653400018895,1.904852087477299,-1.7931757515974682,1.2144023367456822,-1.6744189035069503
2021,Loyola (IL),Sweet 16,1,-0.20095128199533613,0.03085554461381332,-0.10306827616927439,-1.4766203352119587,0.7206123046484352,-0.64909376210892,0.6882830754610386,-0.6133592552948056
2021,Michigan,Elite Eight,2,-0.22963883647392938,-1.845545025943444,0.4151388084381368,0.26245220567416727,-1.4839668694228514,-0.06743070860861652,-0.1994193237638016,0.24094053003557142
2021,Oral Roberts,Sweet 16,1,-0.6056286889503588,1.9206648504691501,2.7032146581444483,0.22822314330311924,0.6590846184935515,2.548215494862771,0.21271011567801965,0.3508430657566717
2021,Oregon,Sweet 16,1,1.956077063755434,3.2412444270678717,0.07074740402593493,-1.7973462247684342,0.5609671919492865,-0.30644900796641705,1.4659226059786592,1.2144451224228638
2021,Oregon State,Elite Eight,2,-0.9363408547893886,-1.062850315511075,-0.4264506782022902,2.327678308331958,-0.616599728656217,-0.5478626708800327,-0.4390432753868761,-0.9520845944605527
2021,Southern California,Elite Eight,2,1.2938637663573602,-1.615443657415264,0.9508624213845569,0.9396070115190521,-0.8277156819706151,-0.5407654568057616,-0.056370767869104325,1.5009763780177667
2021,Syracuse,Sweet 16,1,1.3259950007339092,0.9314179744333034,3.1608151904366872,3.300024969301205,-1.4378640643982121,0.7374067410984511,1.3232397010690893,-0.3176280551105086
2021,UCLA,Final Four,3,0.37219439120851705,0.12259581671274129,0.7146954572235193,-1.3683838087856586,1.014510618699296,-0.18011271623186428,-0.7821564871212316,0.4633327729491346
2021,Villanova,Sweet 16,1,2.053229972678784,-0.3477464427245237,1.6539504978739992,1.1690096745879848,0.2986493215762634,-0.9336554467350405,0.4261150658692265,-1.0171126172300924
2022,Arizona,Sweet 16,1,-0.8354327291044743,0.3931238682187343,-0.9884784620605198,0.5030778710652687,-1.7751563666301622,1.1319990517298604,1.3778401777112694,-0.7202839740040965
2022,Arkansas,Elite Eight,2,-2.8542683827366426,1.1717936951863928,1.5815854269690128,-1.4528680471741444,0.04309974942024003,1.2478234358098976,-1.326139197487383,0.04192115662286691
2022,Duke,Final Four,3,2.3443030544476615,0.2240765421822868,0.35787766585268277,0.40072666510998345,-0.46113615147103226,-0.5493226520748908,-0.4074324777583192,1.3436636703263858
2022,Gonzaga,Sweet 16,1,0.21297293393209565,-0.2814985297070796,0.47504478217219237,-0.9855604708244041,-1.340300004636952,-0.241088320720311,-1.9187273446431432,-0.7310913476051563
2022,Houston,Elite Eight,2,-1.6152995131772283,-1.278447856399813,0.5910119783974969,-0.0715068659786285,1.5177641042358274,-1.0183400097738373,0.662461438575648,-0.4785560248261095
2022,Iowa State,Sweet 16,1,-5.801205200394066,0.8909577570756485,1.7165446773824562,-0.4577310425895207,0.6822341864992247,1.4484470157520128,2.2113475305862282,-0.8418590911480608
2022,Kansas,Champion,5,-0.5283206353306953,-2.3476425741591354,0.744925251643134,-0.6107888976776737,-0.038524825525087986,0.1460705882292187,-0.70482802740296,0.7057434805367889
2022,Miami (FL),Elite Eight,2,-2.539179764249539,1.1275892362888493,2.133928434673022,-0.1742157051515847,0.7059466942338372,1.5753539885766732,-1.1450297958354647,1.0247633027671257
2022,Michigan,Sweet 16,1,-0.4680914541895931,-0.08970790539305357,1.0178019762087462,0.5672473816665734,-2.2096824926165395,-0.8742605339853033,-0.5620045697243528,0.8731149039089403
2022,North Carolina,Runner-up,4,-0.4115499277209145,-1.4972930125886825,1.1564860203067349,-1.6409720981594031,-1.5711481723727982,-0.1996273620388795,-0.5047596738656558,-0.651522313919757
2022,Providence,Sweet 16,1,-1.456293805843342,-1.6667801076293123,2.064821832980691,-1.3853844802671058,0.10192976302932277,0.05200074613359704,-1.0303383279725467,-1.1935257364527236
2022,Purdue,Sweet 16,1,-0.10679189290152527,-1.9270372636185928,-1.5617295481551852,0.5868462974187016,-1.5758555976024617,-0.17250384884891967,-0.5868490034337791,-1.1261980270348069
2022,Saint Peter's,Elite Eight,2,-2.1569753256835953,1.656198728828572,-0.022019403710511365,1.156542398199076,0.6632842350486868,0.2305853801981281,-1.2387228899818101,-0.308600483369576
2022,Texas Tech,Sweet 16,1,1.0338436724190685,-1.252613381057661,0.21810572959174088,-1.2547418555262861,0.49426888544799585,0.33984395507149207,0.1761107355225182,0.5708658664180614
2022,UCLA,Sweet 16,1,0.4325643644136804,0.7154103467320236,2.0878620395012466,0.4179491375859491,1.1435871955927535,-1.7439169880069751,-1.508440542998803,1.1111360455365822
2022,Villanova,Final Four,3,0.2801798243603875,0.3253480383877729,2.1095309144804792,0.5320283126645281,0.9860072902895078,-1.487229794301072,1.0018713835954411,-1.226873753506516
2023,Alabama,Sweet 16,1,-1.8752746520459131,-1.9404438654970175,0.4635521048796034,-1.0833695151021345,-0.3143263915452869,-0.21464367610561036,-0.16456973342342235,-1.0554776504500556
2023,Arkansas,Sweet 16,1,-3.1847378286197103,3.052144964459855,-2.294854889337758,-1.8016059695842483,0.7428026524306954,0.18141037390672332,-1.0924567661250768,-0.5504073701858271
2023,Connecticut,Champion,5,1.1563225537403097,-4.105481826484533,0.5029410221038442,0.004743851084348313,-0.5862648297487214,0.4174323090001234,0.7663480290218647,-0.7491095739270542
2023,Creighton,Elite Eight,2,1.2287727153594246,-0.3931705719837523,1.6027278581141393,0.19211054800286237,-1.7059422289293436,0.04297849371092949,-0.5978366090267644,-0.06317201857319066
2023,Florida Atlantic,Final Four,3,0.20876819525186507,0.5786523756762163,0.7535849992468454,-0.07398591555656699,-0.6159310197812172,-0.912354093024585,1.273697796563931,-1.0542541222317636
2023,Gonzaga,Elite Eight,2,-0.1874144229660958,1.8936804148958155,0.173375585272928,-1.3846112899908745,-2.5838570147701225,-0.802198697429379,-0.7140689798935312,-0.06551004577742603
2023,Houston,Sweet 16,1,-0.19669344451353635,0.1741584628715287,0.1902917505036072,-0.04583980501069865,-0.5614741968886423,-0.9058143325312851,-0.4505946373117643,-1.8285884324737738
2023,Kansas State,Elite Eight,2,1.9597138632788882,1.51818209082713,-0.06569119760047126,0.6442390443196048,1.764567608839551,2.5394601126079297,0.18756754129922495,1.4008741989322158
2023,Miami (FL),Final Four,3,0.5326277256111386,0.6478578171697866,-0.04753632093330218,-0.8453221460528985,0.40741823260247817,-0.1768889787471356,-0.6845337637652306,0.7375965826779025
2023,Michigan State,Sweet 16,1,1.2908940563211022,0.9119979093408338,-0.4816455666604598,-1.0380426498805875,-0.296150737597466,0.02980144722322514,-0.6139470498162934,0.5640591556121903
2023,Princeton,Sweet 16,1,0.2310616983707462,1.4828376297717891,2.688145037707694,-2.027425536230258,0.10707949047776871,-0.09957139753427269,0.42346794154727296,-0.025173502397718428
2023,San Diego State,Runner-up,4,-2.7923075705006446,0.09146188485581155,0.5802460532831089,-0.4235227225838503,0.033335086295268795,-0.6553689906543713,-0.14588679229827725,-0.21013782700519193
2023,Tennessee,Sweet 16,1,-2.7716572147136778,0.5016954969578274,1.4594714802489528,-0.7327853401341093,0.8748811915787478,-0.6811353923016874,1.244245821830729,0.5273836700681827
2023,Texas,Elite Eight,2,2.3034346888327724,0.23355804308969214,-0.13282365680684383,-0.8016644655531633,0.1484531447727397,0.07968986934990946,0.5499300637274337,0.6233329277522143
2023,UCLA,Sweet 16,1,1.1825408768375063,-0.7498169496938464,0.48434364153927467,-0.02656985756977369,1.9321748944818455,-0.04667190509623541,-1.0593200837818795,1.3767114020337339
2023,Xavier,Sweet 16,1,-0.6783334509929763,1.2859096190136363,0.6126269904714876,-0.715236071841703,-1.5537830903485634,1.3587421204169357,-2.1910267789976237,0.46126448268840725
