season,game_id,game_date,game_url,team1_team,team1_fg,team1_fga,team1_fg_pct,team1_fg2,team1_fg2a,team1_fg2_pct,team1_fg3,team1_fg3a,team1_fg3_pct,team1_ft,team1_fta,team1_ft_pct,team1_orb,team1_drb,team1_trb,team1_ast,team1_stl,team1_blk,team1_tov,team1_pf,team1_pts,team2_team,team2_fg,team2_fga,team2_fg_pct,team2_fg2,team2_fg2a,team2_fg2_pct,team2_fg3,team2_fg3a,team2_fg3_pct,team2_ft,team2_fta,team2_ft_pct,team2_orb,team2_drb,team2_trb,team2_ast,team2_stl,team2_blk,team2_tov,team2_pf,team2_pts,team1_win,team2_win,winner,loser,score_margin,team1_point_margin,team2_point_margin,team1_raw_possessions,team2_raw_possessions,estimated_possessions,team1_offensive_rating,team2_offensive_rating,team1_defensive_rating,team2_defensive_rating,team1_efg_pct,team2_efg_pct,team1_true_shooting_pct,team2_true_shooting_pct,team1_ft_rate,team2_ft_rate,team1_fg3_attempt_rate,team2_fg3_attempt_rate,team1_tov_pct,team2_tov_pct,team1_forced_tov_pct,team2_forced_tov_pct,team1_orb_pct,team2_orb_pct,team1_drb_pct,team2_drb_pct,team1_opponent_fg_pct,team2_opponent_fg_pct,team1_opponent_fg2_pct,team2_opponent_fg2_pct,team1_opponent_fg3_pct,team2_opponent_fg3_pct,team1_opponent_efg_pct,team2_opponent_efg_pct,team1_opponent_ft_rate,team2_opponent_ft_rate,team1_points_allowed,team2_points_allowed
2024,2024-03-19-18-howard,2024-03-19,https://www.sports-reference.com/cbb/boxscores/2024-03-19-18-howard.html,Wagner,29,55,0.527,21,38,0.553,8,17,0.471,5,9,0.556,3,24,27,16,5,5,8,16,71,Howard,22,57,0.386,15,33,0.455,7,24,0.292,17,21,0.81,6,21,27,13,5,1,7,12,68,1,0,Wagner,Howard,3,3,-3,64.275,67.975,66.125,107.37240075614368,102.83553875236295,102.83553875236295,107.37240075614368,0.6,0.4473684210526316,0.5989034162800506,0.5076521089958941,0.16363636363636364,0.3684210526315789,0.3090909090909091,0.42105263157894735,0.11891490152359717,0.09462656302805002,0.09462656302805002,0.11891490152359717,0.125,0.2,0.8,0.875,0.386,0.527,0.455,0.553,0.292,0.471,0.4473684210526316,0.6,0.3684210526315789,0.16363636363636364,68,71
2024,2024-03-19-21-virginia,2024-03-19,https://www.sports-reference.com/cbb/boxscores/2024-03-19-21-virginia.html,Colorado State,26,47,0.553,21,33,0.636,5,14,0.357,10,14,0.714,6,37,43,13,1,1,11,15,67,Virginia,14,56,0.25,11,39,0.282,3,17,0.176,11,17,0.647,5,16,21,6,4,1,3,15,42,1,0,Colorado State,Virginia,25,25,-25,58.65,62.075,60.3625,110.99606543797888,69.57962311037483,69.57962311037483,110.99606543797888,0.6063829787234043,0.2767857142857143,0.6244175209692451,0.3277409285992977,0.2978723404255319,0.30357142857142855,0.2978723404255319,0.30357142857142855,0.17014694508894043,0.04472605292582929,0.04472605292582929,0.17014694508894043,0.2727272727272727,0.11904761904761904,0.8809523809523809,0.7272727272727273,0.25,0.553,0.282,0.636,0.176,0.357,0.2767857142857143,0.6063829787234043,0.30357142857142855,0.2978723404255319,42,67
2024,2024-03-20-18-montana-state,2024-03-20,https://www.sports-reference.com/cbb/boxscores/2024-03-20-18-montana-state.html,Grambling,33,66,0.5,29,56,0.518,4,10,0.4,18,23,0.783,10,26,36,11,6,4,11,14,88,Montana State,30,58,0.517,17,28,0.607,13,30,0.433,8,15,0.533,5,22,27,18,9,3,10,18,81,1,0,Grambling,Montana State,7,7,-7,77.925,70.125,74.025,118.8787571766295,109.4224924012158,109.4224924012158,118.8787571766295,0.5303030303030303,0.6293103448275862,0.5719857003574911,0.6218809980806143,0.3484848484848485,0.25862068965517243,0.15151515151515152,0.5172413793103449,0.12510662496445835,0.13311148086522462,0.13311148086522462,0.12510662496445835,0.3125,0.16129032258064516,0.8387096774193549,0.6875,0.517,0.5,0.607,0.518,0.433,0.4,0.6293103448275862,0.5303030303030303,0.25862068965517243,0.3484848484848485,81,88
2024,2024-03-20-21-boise-state,2024-03-20,https://www.sports-reference.com/cbb/boxscores/2024-03-20-21-boise-state.html,Colorado,21,48,0.438,17,33,0.515,4,15,0.267,14,15,0.933,5,24,29,12,5,3,10,13,60,Boise State,23,67,0.343,21,49,0.429,2,18,0.111,5,6,0.833,15,21,36,4,5,1,9,17,53,1,0,Colorado,Boise State,7,7,-7,60.125,63.85,61.9875,96.79370840895342,85.50110909457553,85.50110909457553,96.79370840895342,0.4791666666666667,0.3582089552238806,0.54421768707483,0.37938439513242667,0.3125,0.08955223880597014,0.3125,0.26865671641791045,0.15355086372360843,0.114140773620799,0.114140773620799,0.15355086372360843,0.19230769230769232,0.38461538461538464,0.6153846153846154,0.8076923076923077,0.343,0.438,0.429,0.515,0.111,0.267,0.3582089552238806,0.4791666666666667,0.08955223880597014,0.3125,53,60
2024,2024-03-21-12-brigham-young,2024-03-21,https://www.sports-reference.com/cbb/boxscores/2024-03-21-12-brigham-young.html,Duquesne,26,56,0.464,19,38,0.5,7,18,0.389,12,16,0.75,5,22,27,13,7,7,9,17,71,Brigham Young,22,57,0.386,14,33,0.424,8,24,0.333,15,17,0.882,8,24,32,16,6,2,11,18,67,1,0,Duquesne,Brigham Young,4,4,-4,67.6,68.075,67.8375,104.6618758061544,98.76543209876543,98.76543209876543,104.6618758061544,0.5267857142857143,0.45614035087719296,0.5581761006289309,0.5147906262005378,0.2857142857142857,0.2982456140350877,0.32142857142857145,0.42105263157894735,0.12396694214876033,0.14459415050936575,0.14459415050936575,0.12396694214876033,0.1724137931034483,0.26666666666666666,0.7333333333333333,0.8275862068965517,0.386,0.464,0.424,0.5,0.333,0.389,0.45614035087719296,0.5267857142857143,0.2982456140350877,0.2857142857142857,67,71
2024,2024-03-21-12-mississippi-state,2024-03-21,https://www.sports-reference.com/cbb/boxscores/2024-03-21-12-mississippi-state.html,Michigan State,27,54,0.5,17,31,0.548,10,23,0.435,5,6,0.833,11,23,34,14,7,3,13,15,69,Mississippi State,20,54,0.37,14,27,0.519,6,27,0.222,5,10,0.5,10,14,24,13,9,2,14,11,51,1,0,Michigan State,Mississippi State,18,18,-18,58.85,62.75,60.8,113.48684210526316,83.88157894736842,83.88157894736842,113.48684210526316,0.5925925925925926,0.42592592592592593,0.6068601583113457,0.4340425531914894,0.1111111111111111,0.18518518518518517,0.42592592592592593,0.5,0.1861130994989263,0.19243986254295534,0.19243986254295534,0.1861130994989263,0.44,0.30303030303030304,0.696969696969697,0.56,0.37,0.5,0.519,0.548,0.222,0.435,0.42592592592592593,0.5925925925925926,0.18518518518518517,0.1111111111111111,51,69
2024,2024-03-21-13-creighton,2024-03-21,https://www.sports-reference.com/cbb/boxscores/2024-03-21-13-creighton.html,Akron,25,66,0.379,19,38,0.5,6,28,0.214,4,6,0.667,9,17,26,8,5,1,4,20,60,Creighton,26,46,0.565,16,29,0.552,10,17,0.588,15,20,0.75,4,32,36,11,0,4,14,12,77,0,1,Creighton,Akron,17,-17,17,63.85,65.5,64.675,92.77155005798222,119.05682257441053,119.05682257441053,92.77155005798222,0.42424242424242425,0.6739130434782609,0.4357298474945534,0.6936936936936937,0.09090909090909091,0.43478260869565216,0.42424242424242425,0.3695652173913043,0.05490734385724091,0.2014388489208633,0.2014388489208633,0.05490734385724091,0.21951219512195122,0.19047619047619047,0.8095238095238095,0.7804878048780488,0.565,0.379,0.552,0.5,0.588,0.214,0.6739130434782609,0.42424242424242425,0.43478260869565216,0.09090909090909091,77,60
2024,2024-03-21-14-arizona,2024-03-21,https://www.sports-reference.com/cbb/boxscores/2024-03-21-14-arizona.html,Long Beach State,24,72,0.333,21,55,0.382,3,17,0.176,14,22,0.636,13,31,44,11,6,3,12,14,65,Arizona,30,72,0.417,17,37,0.459,13,35,0.371,12,17,0.706,11,33,44,19,10,8,9,17,85,0,1,Arizona,Long Beach State,20,-20,20,81.45,78.075,79.7625,81.49192916470773,106.56636890769471,106.56636890769471,81.49192916470773,0.3541666666666667,0.5069444444444444,0.3941782898726501,0.5307524196066188,0.3055555555555556,0.2361111111111111,0.2361111111111111,0.4861111111111111,0.12705134992059292,0.10103845074375525,0.10103845074375525,0.12705134992059292,0.2826086956521739,0.2619047619047619,0.7380952380952381,0.717391304347826,0.417,0.333,0.459,0.382,0.371,0.176,0.5069444444444444,0.3541666666666667,0.2361111111111111,0.3055555555555556,85,65
2024,2024-03-21-14-north-carolina,2024-03-21,https://www.sports-reference.com/cbb/boxscores/2024-03-21-14-north-carolina.html,Wagner,23,58,0.397,16,40,0.4,7,18,0.389,9,15,0.6,7,13,20,8,5,2,7,13,62,North Carolina,33,60,0.55,24,42,0.571,9,18,0.5,15,19,0.789,12,29,41,14,4,3,9,13,90,0,1,North Carolina,Wagner,28,-28,28,65.125,66.025,65.575,94.5482272207396,137.24742661075103,137.24742661075103,94.5482272207396,0.45689655172413796,0.625,0.4760076775431862,0.6519377037305324,0.25862068965517243,0.31666666666666665,0.3103448275862069,0.3,0.09705372616984402,0.11534764498558153,0.11534764498558153,0.09705372616984402,0.19444444444444445,0.48,0.52,0.8055555555555556,0.55,0.397,0.571,0.4,0.5,0.389,0.625,0.45689655172413796,0.31666666666666665,0.25862068965517243,90,62
2024,2024-03-21-15-illinois,2024-03-21,https://www.sports-reference.com/cbb/boxscores/2024-03-21-15-illinois.html,Morehead State,26,65,0.4,15,35,0.429,11,30,0.367,6,8,0.75,6,19,25,14,7,0,6,13,69,Illinois,32,59,0.542,20,33,0.606,12,26,0.462,9,12,0.75,9,27,36,24,5,7,9,9,85,0,1,Illinois,Morehead State,16,-16,16,68.8,64.7,66.75,103.37078651685394,127.34082397003745,127.34082397003745,103.37078651685394,0.4846153846153846,0.6440677966101694,0.501453488372093,0.6568778979907264,0.12307692307692308,0.2033898305084746,0.46153846153846156,0.4406779661016949,0.08021390374331551,0.12211668928086838,0.12211668928086838,0.08021390374331551,0.18181818181818182,0.32142857142857145,0.6785714285714286,0.8181818181818182,0.542,0.4,0.606,0.429,0.462,0.367,0.6440677966101694,0.4846153846153846,0.2033898305084746,0.12307692307692308,85,69
2024,2024-03-21-16-dayton,2024-03-21,https://www.sports-reference.com/cbb/boxscores/2024-03-21-16-dayton.html,Nevada,25,58,0.431,18,36,0.5,7,22,0.318,3,6,0.5,7,20,27,13,8,2,12,14,60,Dayton,21,46,0.457,13,27,0.481,8,19,0.421,13,15,0.867,3,25,28,16,7,2,12,14,63,0,1,Dayton,Nevada,3,-3,3,65.85,62.125,63.9875,93.76831412385232,98.45672983004494,98.45672983004494,93.76831412385232,0.49137931034482757,0.5434782608695652,0.4930156121610518,0.5929411764705882,0.10344827586206896,0.32608695652173914,0.3793103448275862,0.41304347826086957,0.16472203157172274,0.18426103646833014,0.18426103646833014,0.16472203157172274,0.21875,0.13043478260869565,0.8695652173913043,0.78125,0.457,0.431,0.481,0.5,0.421,0.318,0.5434782608695652,0.49137931034482757,0.32608695652173914,0.10344827586206896,63,60
2024,2024-03-21-16-south-carolina,2024-03-21,https://www.sports-reference.com/cbb/boxscores/2024-03-21-16-south-carolina.html,Oregon,28,47,0.596,21,31,0.677,7,16,0.438,24,30,0.8,4,26,30,16,8,6,9,15,87,South Carolina,25,56,0.446,14,32,0.438,11,24,0.458,12,19,0.632,6,18,24,17,3,3,10,22,73,1,0,Oregon,South Carolina,14,14,-14,66.25,69.025,67.6375,128.62687118832008,107.92829421548697,107.92829421548697,128.62687118832008,0.6702127659574468,0.5446428571428571,0.710204081632653,0.5613225682429834,0.6382978723404256,0.3392857142857143,0.3404255319148936,0.42857142857142855,0.12811387900355872,0.13328890369876706,0.13328890369876706,0.12811387900355872,0.18181818181818182,0.1875,0.8125,0.8181818181818182,0.446,0.596,0.438,0.677,0.458,0.438,0.5446428571428571,0.6702127659574468,0.3392857142857143,0.6382978723404256,73,87
2024,2024-03-21-18-texas,2024-03-21,https://www.sports-reference.com/cbb/boxscores/2024-03-21-18-texas.html,Colorado State,17,58,0.293,11,34,0.324,6,24,0.25,4,6,0.667,13,29,42,8,3,3,18,18,44,Texas,22,55,0.4,21,41,0.512,1,14,0.071,11,17,0.647,7,29,36,3,9,2,10,12,56,0,1,Texas,Colorado State,12,-12,12,65.85,66.075,65.9625,66.70456698881941,84.89672162213378,84.89672162213378,66.70456698881941,0.3448275862068966,0.4090909090909091,0.36154478225143794,0.44391597304795877,0.10344827586206896,0.3090909090909091,0.41379310344827586,0.2545454545454545,0.228281547241598,0.13684570646595962,0.13684570646595962,0.228281547241598,0.30952380952380953,0.19444444444444445,0.8055555555555556,0.6904761904761905,0.4,0.293,0.512,0.324,0.071,0.25,0.4090909090909091,0.3448275862068966,0.3090909090909091,0.10344827586206896,56,44
2024,2024-03-21-19-gonzaga,2024-03-21,https://www.sports-reference.com/cbb/boxscores/2024-03-21-19-gonzaga.html,McNeese,23,69,0.333,18,47,0.383,5,22,0.227,14,19,0.737,13,18,31,10,7,2,6,16,65,Gonzaga,31,60,0.517,21,39,0.538,10,21,0.476,14,18,0.778,9,29,38,22,4,2,13,16,86,0,1,Gonzaga,McNeese,21,-21,21,71.025,72.55,71.7875,90.54501131812643,119.7980149747519,119.7980149747519,90.54501131812643,0.3695652173913043,0.6,0.4165331624479333,0.6272793581327498,0.2753623188405797,0.3,0.3188405797101449,0.35,0.07140731925022314,0.15941140404659718,0.15941140404659718,0.07140731925022314,0.30952380952380953,0.3333333333333333,0.6666666666666666,0.6904761904761905,0.517,0.333,0.538,0.383,0.476,0.227,0.6,0.3695652173913043,0.3,0.2753623188405797,86,65
2024,2024-03-21-19-iowa-state,2024-03-21,https://www.sports-reference.com/cbb/boxscores/2024-03-21-19-iowa-state.html,South Dakota State,23,53,0.434,13,29,0.448,10,24,0.417,9,11,0.818,6,18,24,15,4,2,15,13,65,Iowa State,33,57,0.579,22,34,0.647,11,23,0.478,5,8,0.625,5,22,27,23,11,4,9,15,82,0,1,Iowa State,South Dakota State,17,-17,17,67.225,64.8,66.01249999999999,98.46619958341225,124.21889793599699,124.21889793599699,98.46619958341225,0.5283018867924528,0.6754385964912281,0.55817947617003,0.674342105263158,0.20754716981132076,0.14035087719298245,0.4528301886792453,0.40350877192982454,0.20484807101399796,0.12893982808022922,0.12893982808022922,0.20484807101399796,0.21428571428571427,0.21739130434782608,0.782608695652174,0.7857142857142857,0.579,0.434,0.647,0.448,0.478,0.417,0.6754385964912281,0.5283018867924528,0.14035087719298245,0.20754716981132076,82,65
2024,2024-03-21-19-kentucky,2024-03-21,https://www.sports-reference.com/cbb/boxscores/2024-03-21-19-kentucky.html,Oakland,26,63,0.413,11,32,0.344,15,31,0.484,13,23,0.565,13,26,39,16,5,1,6,18,80,Kentucky,26,61,0.426,17,33,0.515,9,28,0.321,15,20,0.75,10,28,38,17,2,6,11,18,76,1,0,Oakland,Kentucky,4,4,-4,66.925,71.5,69.2125,115.58605743182228,109.80675456023117,109.80675456023117,115.58605743182228,0.5317460317460317,0.5,0.5410889414947582,0.5390070921985816,0.36507936507936506,0.32786885245901637,0.49206349206349204,0.45901639344262296,0.07507037847982484,0.13496932515337423,0.13496932515337423,0.07507037847982484,0.3170731707317073,0.2777777777777778,0.7222222222222222,0.6829268292682927,0.426,0.413,0.515,0.344,0.321,0.484,0.5,0.5317460317460317,0.32786885245901637,0.36507936507936506,76,80
2024,2024-03-21-21-kansas,2024-03-21,https://www.sports-reference.com/cbb/boxscores/2024-03-21-21-kansas.html,Samford,30,73,0.411,14,36,0.389,16,37,0.432,13,23,0.565,9,21,30,23,7,1,7,20,89,Kansas,35,58,0.603,29,40,0.725,6,18,0.333,17,27,0.63,7,34,41,25,5,7,17,21,93,0,1,Kansas,Samford,4,-4,4,81.925,80.825,81.375,109.37019969278035,114.28571428571428,114.28571428571428,109.37019969278035,0.5205479452054794,0.6551724137931034,0.5302353291629431,0.6565478291563713,0.3150684931506849,0.46551724137931033,0.5068493150684932,0.3103448275862069,0.0769865273577124,0.19356675206376317,0.19356675206376317,0.0769865273577124,0.20930232558139536,0.25,0.75,0.7906976744186046,0.603,0.411,0.725,0.389,0.333,0.432,0.6551724137931034,0.5205479452054794,0.46551724137931033,0.3150684931506849,93,89
2024,2024-03-21-21-tennessee,2024-03-21,https://www.sports-reference.com/cbb/boxscores/2024-03-21-21-tennessee.html,Saint Peter's,16,55,0.291,12,31,0.387,4,24,0.167,13,19,0.684,7,11,18,3,4,1,6,22,49,Tennessee,27,53,0.509,16,29,0.552,11,24,0.458,18,25,0.72,9,30,39,19,4,5,15,17,83,0,1,Tennessee,Saint Peter's,34,-34,34,63.025,70.875,66.95,73.18894697535474,123.9731142643764,123.9731142643764,73.18894697535474,0.32727272727272727,0.6132075471698113,0.38266302225693083,0.6396917148362236,0.34545454545454546,0.4716981132075472,0.43636363636363634,0.4528301886792453,0.08568368439842912,0.18779342723004694,0.18779342723004694,0.08568368439842912,0.1891891891891892,0.45,0.55,0.8108108108108109,0.509,0.291,0.552,0.387,0.458,0.167,0.6132075471698113,0.32727272727272727,0.4716981132075472,0.34545454545454546,83,49
2024,2024-03-21-21-texas-tech,2024-03-21,https://www.sports-reference.com/cbb/boxscores/2024-03-21-21-texas-tech.html,NC State,27,53,0.509,22,40,0.55,5,13,0.385,21,26,0.808,7,23,30,15,8,5,10,14,80,Texas Tech,24,62,0.387,17,31,0.548,7,31,0.226,12,14,0.857,9,21,30,15,3,2,9,20,67,1,0,NC State,Texas Tech,13,13,-13,68.35,68.65,68.5,116.7883211678832,97.8102189781022,97.8102189781022,116.7883211678832,0.5566037735849056,0.4435483870967742,0.6120887528691661,0.4879825200291332,0.49056603773584906,0.22580645161290322,0.24528301886792453,0.5,0.13271400132714004,0.1159047005795235,0.1159047005795235,0.13271400132714004,0.25,0.28125,0.71875,0.75,0.387,0.509,0.548,0.55,0.226,0.385,0.4435483870967742,0.5566037735849056,0.22580645161290322,0.49056603773584906,67,80
2024,2024-03-21-22-washington-state,2024-03-21,https://www.sports-reference.com/cbb/boxscores/2024-03-21-22-washington-state.html,Drake,25,59,0.424,20,44,0.455,5,15,0.333,6,14,0.429,6,23,29,18,7,3,8,21,61,Washington State,21,55,0.382,14,41,0.341,7,14,0.5,17,22,0.773,11,26,37,12,5,4,11,13,66,0,1,Washington State,Drake,5,-5,5,67.65,65.45,66.55000000000001,91.66040570999247,99.17355371900824,99.17355371900824,91.66040570999247,0.4661016949152542,0.44545454545454544,0.46458492003046453,0.5042016806722689,0.23728813559322035,0.4,0.2542372881355932,0.2545454545454545,0.10862186014935504,0.14388489208633093,0.14388489208633093,0.10862186014935504,0.1875,0.3235294117647059,0.6764705882352942,0.8125,0.382,0.424,0.341,0.455,0.5,0.333,0.44545454545454544,0.4661016949152542,0.4,0.23728813559322035,66,61
2024,2024-03-22-12-baylor,2024-03-22,https://www.sports-reference.com/cbb/boxscores/2024-03-22-12-baylor.html,Colgate,26,57,0.456,21,39,0.538,5,18,0.278,10,14,0.714,8,14,22,11,10,3,8,12,67,Baylor,33,57,0.579,17,27,0.63,16,30,0.533,10,14,0.714,10,22,32,17,6,2,12,15,92,0,1,Baylor,Colgate,25,-25,25,63.65,65.65,64.65,103.63495746326372,142.30471771075017,142.30471771075017,103.63495746326372,0.5,0.7192982456140351,0.5263157894736842,0.7227022780832679,0.24561403508771928,0.24561403508771928,0.3157894736842105,0.5263157894736842,0.11165387299371946,0.15862524785194976,0.15862524785194976,0.11165387299371946,0.26666666666666666,0.4166666666666667,0.5833333333333334,0.7333333333333333,0.579,0.456,0.63,0.538,0.533,0.278,0.7192982456140351,0.5,0.24561403508771928,0.24561403508771928,92,67
2024,2024-03-22-12-florida-atlantic,2024-03-22,https://www.sports-reference.com/cbb/boxscores/2024-03-22-12-florida-atlantic.html,Northwestern,29,69,0.42,21,46,0.457,8,23,0.348,11,15,0.733,13,26,39,20,12,1,12,13,77,Florida Atlantic,22,57,0.386,17,30,0.567,5,27,0.185,16,21,0.762,6,27,33,10,9,5,21,17,65,1,0,Northwestern,Florida Atlantic,12,12,-12,75.125,81.975,78.55,98.026734563972,82.74984086569064,82.74984086569064,98.026734563972,0.4782608695652174,0.4298245614035088,0.5057471264367817,0.4852556924225458,0.21739130434782608,0.3684210526315789,0.3333333333333333,0.47368421052631576,0.13617021276595745,0.23870417732310317,0.23870417732310317,0.13617021276595745,0.325,0.1875,0.8125,0.675,0.386,0.42,0.567,0.457,0.185,0.348,0.4298245614035088,0.4782608695652174,0.3684210526315789,0.21739130434782608,65,77
2024,2024-03-22-13-san-diego-state,2024-03-22,https://www.sports-reference.com/cbb/boxscores/2024-03-22-13-san-diego-state.html,UAB,20,53,0.377,13,33,0.394,7,20,0.35,18,24,0.75,8,14,22,10,7,2,14,18,65,San Diego State,24,55,0.436,19,37,0.514,5,18,0.278,16,20,0.8,13,18,31,10,11,5,12,20,69,0,1,San Diego State,UAB,4,-4,4,70.4,63.5,66.95,97.0873786407767,103.06198655713219,103.06198655713219,97.0873786407767,0.44339622641509435,0.4818181818181818,0.5046583850931676,0.5348837209302325,0.4528301886792453,0.36363636363636365,0.37735849056603776,0.32727272727272727,0.17857142857142855,0.1568627450980392,0.1568627450980392,0.17857142857142855,0.3076923076923077,0.48148148148148145,0.5185185185185185,0.6923076923076923,0.436,0.377,0.514,0.394,0.278,0.35,0.4818181818181818,0.44339622641509435,0.36363636363636365,0.4528301886792453,69,65
2024,2024-03-22-14-connecticut,2024-03-22,https://www.sports-reference.com/cbb/boxscores/2024-03-22-14-connecticut.html,Stetson,17,55,0.309,14,35,0.4,3,20,0.15,15,20,0.75,8,19,27,6,6,4,14,12,52,Connecticut,37,70,0.529,28,46,0.609,9,24,0.375,8,10,0.8,14,28,42,22,6,2,8,19,91,0,1,Connecticut,Stetson,39,-39,39,70.5,68.75,69.625,74.68581687612208,130.70017953321366,130.70017953321366,74.68581687612208,0.33636363636363636,0.5928571428571429,0.40310077519379844,0.6086956521739131,0.36363636363636365,0.14285714285714285,0.36363636363636365,0.34285714285714286,0.17834394904458598,0.09667673716012085,0.09667673716012085,0.17834394904458598,0.2222222222222222,0.42424242424242425,0.5757575757575758,0.7777777777777778,0.529,0.309,0.609,0.4,0.375,0.15,0.5928571428571429,0.33636363636363636,0.14285714285714285,0.36363636363636365,91,52
2024,2024-03-22-14-marquette,2024-03-22,https://www.sports-reference.com/cbb/boxscores/2024-03-22-14-marquette.html,Western Kentucky,28,69,0.406,20,45,0.444,8,24,0.333,5,6,0.833,12,30,42,17,5,4,18,15,69,Marquette,33,69,0.478,20,33,0.606,13,36,0.361,8,15,0.533,10,25,35,23,9,11,10,9,87,0,1,Marquette,Western Kentucky,18,-18,18,77.85,76.125,76.9875,89.62493911349245,113.0053580126644,113.0053580126644,89.62493911349245,0.463768115942029,0.572463768115942,0.48016701461377875,0.5714285714285714,0.08695652173913043,0.21739130434782608,0.34782608695652173,0.5217391304347826,0.2003338898163606,0.11611030478955008,0.11611030478955008,0.2003338898163606,0.32432432432432434,0.25,0.75,0.6756756756756757,0.478,0.406,0.606,0.444,0.361,0.333,0.572463768115942,0.463768115942029,0.21739130434782608,0.08695652173913043,87,69
2024,2024-03-22-15-clemson,2024-03-22,https://www.sports-reference.com/cbb/boxscores/2024-03-22-15-clemson.html,New Mexico,19,64,0.297,16,41,0.39,3,23,0.13,15,23,0.652,15,24,39,6,4,2,13,16,56,Clemson,28,63,0.444,21,42,0.5,7,21,0.333,14,19,0.737,8,30,38,16,7,4,9,20,77,0,1,Clemson,New Mexico,21,-21,21,72.925,73.025,72.975,76.73860911270984,105.51558752997603,105.51558752997603,76.73860911270984,0.3203125,0.5,0.37370704037370706,0.5345366192294342,0.359375,0.30158730158730157,0.359375,0.3333333333333333,0.14785328404890533,0.11107682813946312,0.11107682813946312,0.14785328404890533,0.3333333333333333,0.25,0.75,0.6666666666666666,0.444,0.297,0.5,0.39,0.333,0.13,0.5,0.3203125,0.30158730158730157,0.359375,77,56
2024,2024-03-22-16-auburn,2024-03-22,https://www.sports-reference.com/cbb/boxscores/2024-03-22-16-auburn.html,Yale,24,52,0.462,15,32,0.469,9,20,0.45,21,31,0.677,5,15,20,10,10,2,9,19,78,Auburn,27,53,0.509,20,33,0.606,7,20,0.35,15,22,0.682,9,25,34,11,6,3,14,25,76,1,0,Yale,Auburn,2,2,-2,70.725,68.45,69.5875,112.08909646128973,109.21501706484639,109.21501706484639,112.08909646128973,0.5480769230769231,0.5754716981132075,0.5844885724990634,0.598896769109535,0.5961538461538461,0.41509433962264153,0.38461538461538464,0.37735849056603776,0.1188511059755695,0.18076178179470626,0.18076178179470626,0.1188511059755695,0.16666666666666666,0.375,0.625,0.8333333333333334,0.509,0.462,0.606,0.469,0.35,0.45,0.5754716981132075,0.5480769230769231,0.41509433962264153,0.5961538461538461,76,78
2024,2024-03-22-16-florida,2024-03-22,https://www.sports-reference.com/cbb/boxscores/2024-03-22-16-florida.html,Colorado,34,54,0.63,28,44,0.636,6,10,0.6,28,33,0.848,5,24,29,27,6,1,10,19,102,Florida,35,68,0.515,24,43,0.558,11,25,0.44,19,22,0.864,10,17,27,22,8,5,8,22,100,1,0,Colorado,Florida,2,2,-2,74.675,76.45,75.5625,134.9875930521092,132.34077750206782,132.34077750206782,134.9875930521092,0.6851851851851852,0.5955882352941176,0.7319698600645856,0.6373486297004461,0.6111111111111112,0.3235294117647059,0.18518518518518517,0.36764705882352944,0.1255098839033574,0.09253903990746096,0.09253903990746096,0.1255098839033574,0.22727272727272727,0.29411764705882354,0.7058823529411765,0.7727272727272727,0.515,0.63,0.558,0.636,0.44,0.6,0.5955882352941176,0.6851851851851852,0.3235294117647059,0.6111111111111112,100,102
2024,2024-03-22-18-nebraska,2024-03-22,https://www.sports-reference.com/cbb/boxscores/2024-03-22-18-nebraska.html,Texas A&M,35,71,0.493,22,48,0.458,13,23,0.565,15,20,0.75,13,23,36,16,3,6,8,21,98,Nebraska,27,59,0.458,20,37,0.541,7,22,0.318,22,24,0.917,5,19,24,15,5,2,10,17,83,1,0,Texas A&M,Nebraska,15,15,-15,75.5,75.4,75.45,129.88734261100066,110.00662690523527,110.00662690523527,129.88734261100066,0.5845070422535211,0.5169491525423728,0.6086956521739131,0.5894886363636364,0.28169014084507044,0.4067796610169492,0.323943661971831,0.3728813559322034,0.0903954802259887,0.12437810945273631,0.12437810945273631,0.0903954802259887,0.40625,0.17857142857142858,0.8214285714285714,0.59375,0.458,0.493,0.541,0.458,0.318,0.565,0.5169491525423728,0.5845070422535211,0.4067796610169492,0.28169014084507044,83,98
2024,2024-03-22-19-alabama,2024-03-22,https://www.sports-reference.com/cbb/boxscores/2024-03-22-19-alabama.html,College of Charleston,32,78,0.41,22,45,0.489,10,33,0.303,22,29,0.759,14,23,37,16,8,3,10,22,96,Alabama,36,60,0.6,23,37,0.622,13,23,0.565,24,37,0.649,4,24,28,17,5,2,10,22,109,0,1,Alabama,College of Charleston,13,-13,13,87.775,83.575,85.67500000000001,112.0513568718996,127.22497811496933,127.22497811496933,112.0513568718996,0.47435897435897434,0.7083333333333334,0.5230182511577227,0.7025459233000322,0.3717948717948718,0.6166666666666667,0.4230769230769231,0.38333333333333336,0.09825595676737901,0.114187838995147,0.114187838995147,0.09825595676737901,0.3684210526315789,0.14814814814814814,0.8518518518518519,0.631578947368421,0.6,0.41,0.622,0.489,0.565,0.303,0.7083333333333334,0.47435897435897434,0.6166666666666667,0.3717948717948718,109,96
2024,2024-03-22-19-duke,2024-03-22,https://www.sports-reference.com/cbb/boxscores/2024-03-22-19-duke.html,Vermont,20,52,0.385,15,32,0.469,5,20,0.25,2,6,0.333,5,18,23,12,8,3,11,19,47,Duke,19,45,0.422,13,27,0.481,6,18,0.333,20,29,0.69,7,29,36,11,9,5,9,13,64,0,1,Duke,Vermont,17,-17,17,60.85,60.775,60.8125,77.28674203494347,105.2415210688592,105.2415210688592,77.28674203494347,0.4326923076923077,0.4888888888888889,0.4284412032816773,0.5444491705657167,0.11538461538461539,0.6444444444444445,0.38461538461538464,0.4,0.16704631738800305,0.13279232755440795,0.13279232755440795,0.16704631738800305,0.14705882352941177,0.28,0.72,0.8529411764705882,0.422,0.385,0.481,0.469,0.333,0.25,0.4888888888888889,0.4326923076923077,0.6444444444444445,0.11538461538461539,64,47
2024,2024-03-22-19-purdue,2024-03-22,https://www.sports-reference.com/cbb/boxscores/2024-03-22-19-purdue.html,Grambling,20,55,0.364,17,43,0.395,3,12,0.25,7,10,0.7,3,17,20,11,8,6,5,19,50,Purdue,28,59,0.475,19,35,0.543,9,24,0.375,13,22,0.591,17,29,46,23,4,5,10,6,78,0,1,Purdue,Grambling,28,-28,28,61.75,62.45,62.1,80.51529790660226,125.60386473429952,125.60386473429952,80.51529790660226,0.39090909090909093,0.5508474576271186,0.41841004184100417,0.5615550755939525,0.18181818181818182,0.3728813559322034,0.21818181818181817,0.4067796610169492,0.07722007722007722,0.12586532410320955,0.12586532410320955,0.07722007722007722,0.09375,0.5,0.5,0.90625,0.475,0.364,0.543,0.395,0.375,0.25,0.5508474576271186,0.39090909090909093,0.3728813559322034,0.18181818181818182,78,50
2024,2024-03-22-21-houston,2024-03-22,https://www.sports-reference.com/cbb/boxscores/2024-03-22-21-houston.html,Longwood,14,41,0.341,11,28,0.393,3,13,0.231,15,16,0.938,4,10,14,9,4,1,18,16,46,Houston,31,53,0.585,20,30,0.667,11,23,0.478,13,22,0.591,10,18,28,16,12,5,8,13,86,0,1,Houston,Longwood,40,-40,40,62.6,61.45,62.025000000000006,74.16364369205965,138.65376864167672,138.65376864167672,74.16364369205965,0.3780487804878049,0.6886792452830188,0.4732510288065844,0.677698975571316,0.3902439024390244,0.41509433962264153,0.3170731707317073,0.4339622641509434,0.2702702702702703,0.1119664100769769,0.1119664100769769,0.2702702702702703,0.18181818181818182,0.5,0.5,0.8181818181818182,0.585,0.341,0.667,0.393,0.478,0.231,0.6886792452830188,0.3780487804878049,0.41509433962264153,0.3902439024390244,86,46
2024,2024-03-22-21-utah-state,2024-03-22,https://www.sports-reference.com/cbb/boxscores/2024-03-22-21-utah-state.html,Texas Christian,24,67,0.358,17,45,0.378,7,22,0.318,17,22,0.773,18,17,35,13,6,4,13,13,72,Utah State,33,60,0.55,25,41,0.61,8,19,0.421,14,15,0.933,4,22,26,22,10,9,9,13,88,0,1,Utah State,Texas Christian,16,-16,16,72.45,72.125,72.2875,99.6022825523085,121.73612311948816,121.73612311948816,99.6022825523085,0.41044776119402987,0.6166666666666667,0.46481601032924463,0.6554934823091247,0.3283582089552239,0.25,0.3283582089552239,0.31666666666666665,0.1437258153676064,0.11822660098522167,0.11822660098522167,0.1437258153676064,0.45,0.19047619047619047,0.8095238095238095,0.55,0.55,0.358,0.61,0.378,0.421,0.318,0.6166666666666667,0.41044776119402987,0.25,0.3283582089552239,88,72
2024,2024-03-22-21-wisconsin,2024-03-22,https://www.sports-reference.com/cbb/boxscores/2024-03-22-21-wisconsin.html,James Madison,23,56,0.411,18,39,0.462,5,17,0.294,21,30,0.7,8,27,35,12,14,4,11,20,72,Wisconsin,19,51,0.373,11,30,0.367,8,21,0.381,15,23,0.652,7,26,33,13,6,3,19,19,61,1,0,James Madison,Wisconsin,11,11,-11,73.25,73.925,73.5875,97.84270426363172,82.89451333446577,82.89451333446577,97.84270426363172,0.45535714285714285,0.45098039215686275,0.5124555160142349,0.4925312878482035,0.5357142857142857,0.45098039215686275,0.30357142857142855,0.4117647058823529,0.13538461538461538,0.2347852950262589,0.2347852950262589,0.13538461538461538,0.23529411764705882,0.20588235294117646,0.7941176470588235,0.7647058823529411,0.373,0.411,0.367,0.462,0.381,0.294,0.45098039215686275,0.45535714285714285,0.45098039215686275,0.5357142857142857,61,72
2024,2024-03-22-22-saint-marys-ca,2024-03-22,https://www.sports-reference.com/cbb/boxscores/2024-03-22-22-saint-marys-ca.html,Grand Canyon,21,49,0.429,16,31,0.516,5,18,0.278,28,36,0.778,6,24,30,10,8,9,11,13,75,Saint Mary's,26,67,0.388,19,42,0.452,7,25,0.28,7,12,0.583,11,24,35,16,7,1,11,21,66,1,0,Grand Canyon,Saint Mary's,9,9,-9,71.1,72.7,71.9,104.31154381084839,91.7941585535466,91.7941585535466,104.31154381084839,0.47959183673469385,0.44029850746268656,0.5673222390317701,0.4539202200825309,0.7346938775510204,0.1791044776119403,0.3673469387755102,0.373134328358209,0.14267185473411156,0.1314217443249701,0.1314217443249701,0.14267185473411156,0.2,0.3142857142857143,0.6857142857142857,0.8,0.388,0.429,0.452,0.516,0.28,0.278,0.44029850746268656,0.47959183673469385,0.1791044776119403,0.7346938775510204,66,75
2024,2024-03-23-12-arizona,2024-03-23,https://www.sports-reference.com/cbb/boxscores/2024-03-23-12-arizona.html,Dayton,24,59,0.407,17,35,0.486,7,24,0.292,13,15,0.867,4,19,23,9,8,3,14,17,68,Arizona,28,53,0.528,20,35,0.571,8,18,0.444,14,20,0.7,5,26,31,17,9,6,14,18,78,0,1,Arizona,Dayton,10,-10,10,76.125,71.5,73.8125,92.12531752751904,105.6731583403895,105.6731583403895,92.12531752751904,0.4661016949152542,0.6037735849056604,0.5141776937618148,0.624,0.2542372881355932,0.37735849056603776,0.4067796610169492,0.33962264150943394,0.1747269890795632,0.1830065359477124,0.1830065359477124,0.1747269890795632,0.13333333333333333,0.20833333333333334,0.7916666666666666,0.8666666666666667,0.528,0.407,0.571,0.486,0.444,0.292,0.6037735849056604,0.4661016949152542,0.37735849056603776,0.2542372881355932,78,68
2024,2024-03-23-15-kansas,2024-03-23,https://www.sports-reference.com/cbb/boxscores/2024-03-23-15-kansas.html,Gonzaga,35,58,0.603,27,43,0.628,8,15,0.533,11,15,0.733,8,29,37,19,2,5,9,12,89,Kansas,27,70,0.386,18,48,0.375,9,22,0.409,5,9,0.556,13,17,30,20,5,2,8,14,68,1,0,Gonzaga,Kansas,21,21,-21,66.125,69.275,67.7,131.46233382570162,100.44313146233381,100.44313146233381,131.46233382570162,0.6724137931034483,0.45,0.6833013435700576,0.45775833052844156,0.25862068965517243,0.12857142857142856,0.25862068965517243,0.3142857142857143,0.12141652613827993,0.09723488301428136,0.09723488301428136,0.12141652613827993,0.32,0.30952380952380953,0.6904761904761905,0.68,0.386,0.603,0.375,0.628,0.409,0.533,0.45,0.6724137931034483,0.12857142857142856,0.25862068965517243,68,89
2024,2024-03-23-17-north-carolina,2024-03-23,https://www.sports-reference.com/cbb/boxscores/2024-03-23-17-north-carolina.html,Michigan State,26,59,0.441,20,43,0.465,6,16,0.375,11,15,0.733,6,25,31,6,3,1,11,20,69,North Carolina,28,60,0.467,18,34,0.529,10,26,0.385,19,23,0.826,5,24,29,12,5,6,5,14,85,0,1,North Carolina,Michigan State,16,-16,16,71.125,70.925,71.025,97.14889123548046,119.67617036254839,119.67617036254839,97.14889123548046,0.4915254237288136,0.55,0.5217391304347826,0.5992245329573493,0.2542372881355932,0.38333333333333336,0.2711864406779661,0.43333333333333335,0.1426256077795786,0.0658544616397761,0.0658544616397761,0.1426256077795786,0.2,0.16666666666666666,0.8333333333333334,0.8,0.467,0.441,0.529,0.465,0.385,0.375,0.55,0.4915254237288136,0.38333333333333336,0.2542372881355932,85,69
2024,2024-03-23-18-iowa-state,2024-03-23,https://www.sports-reference.com/cbb/boxscores/2024-03-23-18-iowa-state.html,Washington State,22,51,0.431,17,28,0.607,5,23,0.217,7,9,0.778,9,23,32,9,3,8,12,16,56,Iowa State,23,57,0.404,16,43,0.372,7,14,0.5,14,17,0.824,11,19,30,14,5,2,5,12,67,0,1,Iowa State,Washington State,11,-11,11,58.275,59.075,58.675,95.44098849595228,114.18832552194291,114.18832552194291,95.44098849595228,0.4803921568627451,0.4649122807017544,0.506558118498417,0.5147906262005378,0.17647058823529413,0.2982456140350877,0.45098039215686275,0.24561403508771928,0.17837235228539575,0.07135212272565108,0.07135212272565108,0.17837235228539575,0.32142857142857145,0.3235294117647059,0.6764705882352942,0.6785714285714286,0.404,0.431,0.372,0.607,0.5,0.217,0.4649122807017544,0.4803921568627451,0.2982456140350877,0.17647058823529413,67,56
2024,2024-03-23-19-north-carolina-state,2024-03-23,https://www.sports-reference.com/cbb/boxscores/2024-03-23-19-north-carolina-state.html,Oakland,25,68,0.368,13,33,0.394,12,35,0.343,11,15,0.733,9,21,30,13,4,3,6,13,73,NC State,29,64,0.453,20,38,0.526,9,26,0.346,12,16,0.75,11,33,44,19,4,5,8,16,79,0,1,NC State,Oakland,6,-6,6,72.125,68.6,70.3625,103.74844554983123,112.27571504707763,112.27571504707763,103.74844554983123,0.45588235294117646,0.5234375,0.4858569051580699,0.5516759776536313,0.22058823529411764,0.25,0.5147058823529411,0.40625,0.07395993836671803,0.10050251256281408,0.10050251256281408,0.07395993836671803,0.21428571428571427,0.34375,0.65625,0.7857142857142857,0.453,0.368,0.526,0.394,0.346,0.343,0.5234375,0.45588235294117646,0.25,0.22058823529411764,79,73
2024,2024-03-23-20-illinois,2024-03-23,https://www.sports-reference.com/cbb/boxscores/2024-03-23-20-illinois.html,Duquesne,25,61,0.41,20,44,0.455,5,17,0.294,8,10,0.8,12,13,25,14,4,1,9,17,63,Illinois,35,59,0.593,28,38,0.737,7,21,0.333,12,17,0.706,10,21,31,17,6,1,7,12,89,0,1,Illinois,Duquesne,26,-26,26,62.75,64.075,63.4125,99.34949733885274,140.35087719298244,140.35087719298244,99.34949733885274,0.45081967213114754,0.652542372881356,0.4790874524714829,0.6634364517331345,0.16393442622950818,0.288135593220339,0.2786885245901639,0.3559322033898305,0.12040133779264214,0.09449881876476544,0.09449881876476544,0.12040133779264214,0.36363636363636365,0.43478260869565216,0.5652173913043478,0.6363636363636364,0.593,0.41,0.737,0.455,0.333,0.294,0.652542372881356,0.45081967213114754,0.288135593220339,0.16393442622950818,89,63
2024,2024-03-23-20-tennessee,2024-03-23,https://www.sports-reference.com/cbb/boxscores/2024-03-23-20-tennessee.html,Texas,20,55,0.364,13,32,0.406,7,23,0.304,11,12,0.917,6,23,29,6,5,3,16,16,58,Tennessee,22,65,0.338,19,40,0.475,3,25,0.12,15,18,0.833,13,27,40,11,9,3,11,15,62,0,1,Tennessee,Texas,4,-4,4,70.7,71.55,71.125,81.54657293497364,87.17047451669596,87.17047451669596,81.54657293497364,0.42727272727272725,0.36153846153846153,0.47775947281713343,0.42148198504418766,0.21818181818181817,0.27692307692307694,0.41818181818181815,0.38461538461538464,0.2086049543676662,0.13010053222945003,0.13010053222945003,0.2086049543676662,0.18181818181818182,0.3611111111111111,0.6388888888888888,0.8181818181818182,0.338,0.364,0.475,0.406,0.12,0.304,0.36153846153846153,0.42727272727272725,0.27692307692307694,0.21818181818181817,62,58
2024,2024-03-23-21-creighton,2024-03-23,https://www.sports-reference.com/cbb/boxscores/2024-03-23-21-creighton.html,Oregon,31,77,0.403,24,56,0.429,7,21,0.333,4,5,0.8,13,29,42,13,4,4,9,14,73,Creighton,29,75,0.387,14,36,0.389,15,39,0.385,13,14,0.929,13,30,43,16,6,5,9,12,86,0,1,Creighton,Oregon,13,-13,13,75.375,77.65,76.5125,95.40924685508904,112.39993465120077,112.39993465120077,95.40924685508904,0.44805194805194803,0.4866666666666667,0.45984251968503936,0.5266380894060012,0.06493506493506493,0.18666666666666668,0.2727272727272727,0.52,0.10183875530410184,0.09928295642581356,0.09928295642581356,0.10183875530410184,0.3023255813953488,0.30952380952380953,0.6904761904761905,0.6976744186046512,0.387,0.403,0.389,0.429,0.385,0.333,0.4866666666666667,0.44805194805194803,0.18666666666666668,0.06493506493506493,86,73
2024,2024-03-24-12-marquette,2024-03-24,https://www.sports-reference.com/cbb/boxscores/2024-03-24-12-marquette.html,Colorado,31,66,0.47,21,36,0.583,10,30,0.333,5,7,0.714,10,17,27,21,8,3,12,11,77,Marquette,34,55,0.618,25,34,0.735,9,21,0.429,4,8,0.5,2,21,23,18,10,4,12,10,81,0,1,Marquette,Colorado,4,-4,4,71.325,68.8,70.0625,109.90187332738626,115.61106155218555,115.61106155218555,109.90187332738626,0.5454545454545454,0.7,0.5553552109628561,0.6887755102040817,0.10606060606060606,0.14545454545454545,0.45454545454545453,0.38181818181818183,0.14755610205963726,0.16949152542372883,0.16949152542372883,0.14755610205963726,0.3225806451612903,0.10526315789473684,0.8947368421052632,0.6774193548387096,0.618,0.47,0.735,0.583,0.429,0.333,0.7,0.5454545454545454,0.14545454545454545,0.10606060606060606,81,77
2024,2024-03-24-14-purdue,2024-03-24,https://www.sports-reference.com/cbb/boxscores/2024-03-24-14-purdue.html,Utah State,23,64,0.359,14,37,0.378,9,27,0.333,12,16,0.75,5,17,22,9,5,4,8,20,67,Purdue,38,68,0.559,27,45,0.6,11,23,0.478,19,23,0.826,10,35,45,29,5,5,9,10,106,0,1,Purdue,Utah State,39,-39,39,74.6,77.925,76.26249999999999,87.85445009014917,138.99360760531064,138.99360760531064,87.85445009014917,0.4296875,0.6397058823529411,0.4678770949720671,0.6715235983528667,0.25,0.3382352941176471,0.421875,0.3382352941176471,0.10050251256281408,0.10235996588001138,0.10235996588001138,0.10050251256281408,0.125,0.37037037037037035,0.6296296296296297,0.875,0.559,0.359,0.6,0.378,0.478,0.333,0.6397058823529411,0.4296875,0.3382352941176471,0.25,106,67
2024,2024-03-24-17-duke,2024-03-24,https://www.sports-reference.com/cbb/boxscores/2024-03-24-17-duke.html,James Madison,19,50,0.38,15,32,0.469,4,18,0.222,13,23,0.565,11,19,30,7,5,6,14,17,55,Duke,33,63,0.524,19,35,0.543,14,28,0.5,13,18,0.722,9,24,33,22,12,4,6,16,93,0,1,Duke,James Madison,38,-38,38,63.925,68.55,66.2375,83.03453481789018,140.40384978297794,140.40384978297794,83.03453481789018,0.42,0.6349206349206349,0.45137464095199015,0.649895178197065,0.46,0.2857142857142857,0.36,0.4444444444444444,0.18685352018685353,0.07736943907156674,0.07736943907156674,0.18685352018685353,0.3142857142857143,0.32142857142857145,0.6785714285714286,0.6857142857142857,0.524,0.38,0.543,0.469,0.5,0.222,0.6349206349206349,0.42,0.2857142857142857,0.46,93,55
2024,2024-03-24-18-baylor,2024-03-24,https://www.sports-reference.com/cbb/boxscores/2024-03-24-18-baylor.html,Clemson,23,47,0.489,17,30,0.567,6,17,0.353,20,24,0.833,3,26,29,16,4,4,11,21,72,Baylor,21,54,0.389,15,30,0.5,6,24,0.25,16,26,0.615,8,22,30,7,8,2,10,16,64,1,0,Clemson,Baylor,8,8,-8,66.4,68.35,67.375,106.86456400742115,94.99072356215214,94.99072356215214,106.86456400742115,0.5531914893617021,0.4444444444444444,0.6164383561643836,0.48229088168801815,0.5106382978723404,0.48148148148148145,0.3617021276595745,0.4444444444444444,0.15850144092219018,0.13097576948264572,0.13097576948264572,0.15850144092219018,0.12,0.23529411764705882,0.7647058823529411,0.88,0.389,0.489,0.5,0.567,0.25,0.353,0.4444444444444444,0.5531914893617021,0.48148148148148145,0.5106382978723404,64,72
2024,2024-03-24-19-alabama,2024-03-24,https://www.sports-reference.com/cbb/boxscores/2024-03-24-19-alabama.html,Grand Canyon,18,56,0.321,16,36,0.444,2,20,0.1,23,37,0.622,12,24,36,5,10,8,13,21,61,Alabama,24,65,0.369,16,34,0.471,8,31,0.258,16,22,0.727,15,29,44,13,10,9,12,26,72,0,1,Alabama,Grand Canyon,11,-11,11,74.575,72.45,73.5125,82.9790851895936,97.94252678115967,97.94252678115967,82.9790851895936,0.3392857142857143,0.4307692307692308,0.4145429833503228,0.47713717693836977,0.6607142857142857,0.3384615384615385,0.35714285714285715,0.47692307692307695,0.15015882183078255,0.137221269296741,0.137221269296741,0.15015882183078255,0.2926829268292683,0.38461538461538464,0.6153846153846154,0.7073170731707317,0.369,0.321,0.471,0.444,0.258,0.1,0.4307692307692308,0.3392857142857143,0.3384615384615385,0.6607142857142857,72,61
2024,2024-03-24-19-connecticut,2024-03-24,https://www.sports-reference.com/cbb/boxscores/2024-03-24-19-connecticut.html,Northwestern,22,59,0.373,18,44,0.409,4,15,0.267,10,10,1,7,20,27,8,5,0,8,17,58,Connecticut,29,54,0.537,26,32,0.813,3,22,0.136,14,20,0.7,5,27,32,20,6,9,6,13,75,0,1,Connecticut,Northwestern,17,-17,17,64.75,64.5,64.625,89.74854932301741,116.05415860735009,116.05415860735009,89.74854932301741,0.4067796610169492,0.5648148148148148,0.4549019607843137,0.5905511811023622,0.1694915254237288,0.37037037037037035,0.2542372881355932,0.4074074074074074,0.11149825783972125,0.08633093525179857,0.08633093525179857,0.11149825783972125,0.20588235294117646,0.2,0.8,0.7941176470588235,0.537,0.373,0.813,0.409,0.136,0.267,0.5648148148148148,0.4067796610169492,0.37037037037037035,0.1694915254237288,75,58
2024,2024-03-24-20-houston,2024-03-24,https://www.sports-reference.com/cbb/boxscores/2024-03-24-20-houston.html,Texas A&M,29,75,0.387,21,52,0.404,8,23,0.348,29,45,0.644,22,23,45,12,5,4,11,24,95,Houston,34,66,0.515,23,32,0.719,11,34,0.324,21,30,0.7,11,21,32,18,6,8,10,28,100,0,1,Houston,Texas A&M,5,-5,5,85.375,79.25,82.3125,115.41381928625665,121.48823082763857,121.48823082763857,115.41381928625665,0.44,0.5984848484848485,0.49286640726329445,0.6230529595015576,0.6,0.45454545454545453,0.30666666666666664,0.5151515151515151,0.10244470314318975,0.11080332409972299,0.11080332409972299,0.10244470314318975,0.5116279069767442,0.3235294117647059,0.6764705882352942,0.4883720930232558,0.515,0.387,0.719,0.404,0.324,0.348,0.5984848484848485,0.44,0.45454545454545453,0.6,100,95
2024,2024-03-24-21-san-diego-state,2024-03-24,https://www.sports-reference.com/cbb/boxscores/2024-03-24-21-san-diego-state.html,Yale,20,54,0.37,13,35,0.371,7,19,0.368,10,14,0.714,5,17,22,13,8,0,12,14,57,San Diego State,29,55,0.527,16,28,0.571,13,27,0.481,14,17,0.824,6,31,37,16,8,3,12,15,85,0,1,San Diego State,Yale,28,-28,28,67.65,69.075,68.36250000000001,83.37904552934722,124.33717315779849,124.33717315779849,83.37904552934722,0.4351851851851852,0.6454545454545455,0.4699093157460841,0.6738010305192231,0.25925925925925924,0.3090909090909091,0.35185185185185186,0.4909090909090909,0.16517549896765313,0.15984015984015984,0.15984015984015984,0.16517549896765313,0.1388888888888889,0.2608695652173913,0.7391304347826086,0.8611111111111112,0.527,0.37,0.571,0.371,0.481,0.368,0.6454545454545455,0.4351851851851852,0.3090909090909091,0.25925925925925924,85,57
2024,2024-03-28-00-iowa-state,2024-03-28,https://www.sports-reference.com/cbb/boxscores/2024-03-28-00-iowa-state.html,Illinois,24,57,0.421,15,28,0.536,9,29,0.31,15,29,0.517,12,25,37,16,8,2,11,18,72,Iowa State,23,58,0.397,17,45,0.378,6,13,0.462,17,21,0.81,5,27,32,9,11,3,9,23,69,1,0,Illinois,Iowa State,3,3,-3,69.775,71.975,70.875,101.58730158730158,97.35449735449735,97.35449735449735,101.58730158730158,0.5,0.4482758620689655,0.5086541858000706,0.5075395365943361,0.5087719298245614,0.3620689655172414,0.5087719298245614,0.22413793103448276,0.13451543870376031,0.1169210782721663,0.1169210782721663,0.13451543870376031,0.3076923076923077,0.16666666666666666,0.8333333333333334,0.6923076923076923,0.397,0.421,0.378,0.536,0.462,0.31,0.4482758620689655,0.5,0.3620689655172414,0.5087719298245614,69,72
2024,2024-03-28-19-arizona,2024-03-28,https://www.sports-reference.com/cbb/boxscores/2024-03-28-19-arizona.html,Clemson,29,59,0.492,21,34,0.618,8,25,0.32,11,16,0.688,6,27,33,17,4,2,10,19,77,Arizona,25,67,0.373,20,39,0.513,5,28,0.179,17,25,0.68,16,25,41,14,8,4,9,16,72,1,0,Clemson,Arizona,5,5,-5,70.6,71.875,71.2375,108.08913844534129,101.07036322161784,101.07036322161784,108.08913844534129,0.559322033898305,0.41044776119402987,0.5780780780780781,0.45641838351822506,0.2711864406779661,0.373134328358209,0.423728813559322,0.417910447761194,0.13054830287206268,0.10241820768136557,0.10241820768136557,0.13054830287206268,0.1935483870967742,0.37209302325581395,0.627906976744186,0.8064516129032258,0.373,0.492,0.513,0.618,0.179,0.32,0.41044776119402987,0.559322033898305,0.373134328358209,0.2711864406779661,72,77
2024,2024-03-28-19-connecticut,2024-03-28,https://www.sports-reference.com/cbb/boxscores/2024-03-28-19-connecticut.html,San Diego State,21,58,0.362,16,36,0.444,5,22,0.227,5,10,0.5,10,17,27,9,8,4,12,16,52,Connecticut,30,65,0.462,20,39,0.513,10,26,0.385,12,16,0.75,20,27,47,17,10,1,9,14,82,0,1,Connecticut,San Diego State,30,-30,30,64.75,61.6,63.175,82.31104075979422,129.7981796596755,129.7981796596755,82.31104075979422,0.4051724137931034,0.5384615384615384,0.41434262948207173,0.5647382920110193,0.1724137931034483,0.24615384615384617,0.3793103448275862,0.4,0.1605351170568562,0.11029411764705883,0.11029411764705883,0.1605351170568562,0.2702702702702703,0.5405405405405406,0.4594594594594595,0.7297297297297297,0.462,0.362,0.513,0.444,0.385,0.227,0.5384615384615384,0.4051724137931034,0.24615384615384617,0.1724137931034483,82,52
2024,2024-03-28-21-north-carolina,2024-03-28,https://www.sports-reference.com/cbb/boxscores/2024-03-28-21-north-carolina.html,Alabama,32,67,0.478,21,41,0.512,11,26,0.423,14,20,0.7,14,23,37,13,4,7,10,18,89,North Carolina,30,78,0.385,18,46,0.391,12,32,0.375,15,17,0.882,17,21,38,17,8,3,7,18,87,1,0,Alabama,North Carolina,2,2,-2,72.5,76.075,74.2875,119.8048123843177,117.11256940938921,117.11256940938921,119.8048123843177,0.5597014925373134,0.46153846153846156,0.5816993464052288,0.5053732210281731,0.29850746268656714,0.21794871794871795,0.3880597014925373,0.41025641025641024,0.11560693641618497,0.07520816545796401,0.07520816545796401,0.11560693641618497,0.4,0.425,0.575,0.6,0.385,0.478,0.391,0.512,0.375,0.423,0.46153846153846156,0.5597014925373134,0.21794871794871795,0.29850746268656714,87,89
2024,2024-03-29-00-tennessee,2024-03-29,https://www.sports-reference.com/cbb/boxscores/2024-03-29-00-tennessee.html,Creighton,26,58,0.448,15,35,0.429,11,23,0.478,12,13,0.923,5,27,32,13,1,2,8,17,75,Tennessee,28,67,0.418,17,43,0.395,11,24,0.458,15,18,0.833,11,23,34,16,5,5,4,14,82,0,1,Tennessee,Creighton,7,-7,7,67.175,68.55,67.8625,110.51759071652239,120.83256585006448,120.83256585006448,110.51759071652239,0.5431034482758621,0.5,0.584339696143358,0.542686962276638,0.22413793103448276,0.26865671641791045,0.39655172413793105,0.3582089552238806,0.11084170419120194,0.0502828409805154,0.0502828409805154,0.11084170419120194,0.17857142857142858,0.2894736842105263,0.7105263157894737,0.8214285714285714,0.418,0.448,0.395,0.429,0.458,0.478,0.5,0.5431034482758621,0.26865671641791045,0.22413793103448276,82,75
2024,2024-03-29-19-marquette,2024-03-29,https://www.sports-reference.com/cbb/boxscores/2024-03-29-19-marquette.html,NC State,26,56,0.464,17,33,0.515,9,23,0.391,6,12,0.5,6,31,37,14,6,3,12,16,67,Marquette,20,60,0.333,16,29,0.552,4,31,0.129,14,23,0.609,9,24,33,8,7,6,9,15,58,1,0,NC State,Marquette,9,9,-9,67.7,70.925,69.3125,96.66366095581606,83.6789900811542,83.6789900811542,96.66366095581606,0.5446428571428571,0.36666666666666664,0.5429497568881685,0.40888262248854423,0.21428571428571427,0.38333333333333336,0.4107142857142857,0.5166666666666667,0.16282225237449116,0.11260556771973726,0.11260556771973726,0.16282225237449116,0.2,0.225,0.775,0.8,0.333,0.464,0.552,0.515,0.129,0.391,0.36666666666666664,0.5446428571428571,0.38333333333333336,0.21428571428571427,58,67
2024,2024-03-29-19-purdue,2024-03-29,https://www.sports-reference.com/cbb/boxscores/2024-03-29-19-purdue.html,Gonzaga,29,59,0.492,23,40,0.575,6,19,0.316,4,7,0.571,9,15,24,14,5,0,6,15,68,Purdue,32,56,0.571,23,36,0.639,9,20,0.45,7,10,0.7,8,21,29,24,3,0,8,11,80,0,1,Purdue,Gonzaga,12,-12,12,59.325,60.75,60.0375,113.26254424318134,133.25005205080157,133.25005205080157,113.26254424318134,0.5423728813559322,0.6517857142857143,0.5455274769354191,0.6584362139917695,0.11864406779661017,0.17857142857142858,0.3220338983050847,0.35714285714285715,0.08781558726673984,0.11636363636363636,0.11636363636363636,0.08781558726673984,0.3,0.34782608695652173,0.6521739130434783,0.7,0.571,0.492,0.639,0.575,0.45,0.316,0.6517857142857143,0.5423728813559322,0.17857142857142858,0.11864406779661017,80,68
2024,2024-03-29-21-houston,2024-03-29,https://www.sports-reference.com/cbb/boxscores/2024-03-29-21-houston.html,Duke,20,49,0.408,14,32,0.438,6,17,0.353,8,12,0.667,10,19,29,14,4,0,12,14,54,Houston,20,49,0.408,18,41,0.439,2,8,0.25,9,17,0.529,9,18,27,10,4,4,10,12,51,1,0,Duke,Houston,3,3,-3,56.7,58.075,57.3875,94.09714659115662,88.86952733609235,88.86952733609235,94.09714659115662,0.46938775510204084,0.42857142857142855,0.4936014625228519,0.4467805519053876,0.24489795918367346,0.3469387755102041,0.3469387755102041,0.16326530612244897,0.17991004497751123,0.14908684308609765,0.14908684308609765,0.17991004497751123,0.35714285714285715,0.32142857142857145,0.6785714285714286,0.6428571428571429,0.408,0.408,0.439,0.438,0.25,0.353,0.42857142857142855,0.46938775510204084,0.3469387755102041,0.24489795918367346,51,54
2024,2024-03-30-00-connecticut,2024-03-30,https://www.sports-reference.com/cbb/boxscores/2024-03-30-00-connecticut.html,Illinois,17,67,0.254,11,44,0.25,6,23,0.261,12,17,0.706,7,20,27,7,3,4,7,15,52,Connecticut,31,60,0.517,28,43,0.651,3,17,0.176,12,17,0.706,7,33,40,21,5,10,7,17,77,0,1,Connecticut,Illinois,25,-25,25,75.075,68.075,71.575,72.65106531610199,107.57946210268948,107.57946210268948,72.65106531610199,0.29850746268656714,0.5416666666666666,0.3463203463203463,0.5655526992287917,0.2537313432835821,0.2833333333333333,0.34328358208955223,0.2833333333333333,0.08528784648187633,0.09324009324009323,0.09324009324009323,0.08528784648187633,0.175,0.25925925925925924,0.7407407407407407,0.825,0.517,0.254,0.651,0.25,0.176,0.261,0.5416666666666666,0.29850746268656714,0.2833333333333333,0.2537313432835821,77,52
2024,2024-03-30-03-alabama,2024-03-30,https://www.sports-reference.com/cbb/boxscores/2024-03-30-03-alabama.html,Clemson,33,69,0.478,25,43,0.581,8,26,0.308,8,16,0.5,8,20,28,15,6,2,6,20,82,Alabama,29,62,0.468,13,26,0.5,16,36,0.444,15,22,0.682,14,26,40,20,3,6,12,17,89,0,1,Alabama,Clemson,7,-7,7,74.6,70.45,72.525,113.06446053085142,122.71630472250948,122.71630472250948,113.06446053085142,0.5362318840579711,0.5967741935483871,0.5352480417754569,0.6142167011732229,0.2318840579710145,0.3548387096774194,0.37681159420289856,0.5806451612903226,0.07263922518159807,0.14209591474245115,0.14209591474245115,0.07263922518159807,0.23529411764705882,0.4117647058823529,0.5882352941176471,0.7647058823529411,0.468,0.478,0.5,0.581,0.444,0.308,0.5967741935483871,0.5362318840579711,0.3548387096774194,0.2318840579710145,89,82
2024,2024-03-31-14-purdue,2024-03-31,https://www.sports-reference.com/cbb/boxscores/2024-03-31-14-purdue.html,Tennessee,24,62,0.387,13,36,0.361,11,26,0.423,7,11,0.636,6,17,23,17,8,4,6,25,66,Purdue,24,53,0.453,21,38,0.553,3,15,0.2,21,33,0.636,8,32,40,16,5,2,10,12,72,0,1,Purdue,Tennessee,6,-6,6,67.225,70.675,68.94999999999999,95.72153734590285,104.42349528643946,104.42349528643946,95.72153734590285,0.47580645161290325,0.4811320754716981,0.4908888062476758,0.5242082271568984,0.1774193548387097,0.6226415094339622,0.41935483870967744,0.2830188679245283,0.08193922840559918,0.1271051795360661,0.1271051795360661,0.08193922840559918,0.15789473684210525,0.32,0.68,0.8421052631578947,0.453,0.387,0.553,0.361,0.2,0.423,0.4811320754716981,0.47580645161290325,0.6226415094339622,0.1774193548387097,72,66
2024,2024-03-31-17-duke,2024-03-31,https://www.sports-reference.com/cbb/boxscores/2024-03-31-17-duke.html,NC State,28,60,0.467,25,47,0.532,3,13,0.231,17,23,0.739,8,27,35,16,4,6,4,16,76,Duke,19,59,0.322,14,39,0.359,5,20,0.25,21,26,0.808,10,27,37,11,4,5,9,23,64,1,0,NC State,Duke,12,12,-12,66.925,70.35,68.63749999999999,110.72664359861592,93.24348934620289,93.24348934620289,110.72664359861592,0.49166666666666664,0.3644067796610169,0.5357772294677476,0.4484933426769447,0.38333333333333336,0.4406779661016949,0.21666666666666667,0.3389830508474576,0.053386720053386724,0.1120099564405725,0.1120099564405725,0.053386720053386724,0.22857142857142856,0.2702702702702703,0.7297297297297297,0.7714285714285715,0.322,0.467,0.359,0.532,0.25,0.231,0.3644067796610169,0.49166666666666664,0.4406779661016949,0.38333333333333336,64,76
2024,2024-04-06-01-connecticut,2024-04-06,https://www.sports-reference.com/cbb/boxscores/2024-04-06-01-connecticut.html,Alabama,26,58,0.448,15,35,0.429,11,23,0.478,9,11,0.818,7,21,28,9,2,5,7,15,72,Connecticut,31,62,0.5,21,37,0.568,10,25,0.4,14,18,0.778,10,25,35,20,4,8,4,17,86,0,1,Connecticut,Alabama,14,-14,14,63.225,64.55,63.8875,112.69810213265505,134.6116219917824,134.6116219917824,112.69810213265505,0.5431034482758621,0.5806451612903226,0.5693950177935942,0.6094968107725018,0.1896551724137931,0.2903225806451613,0.39655172413793105,0.4032258064516129,0.09967960128159488,0.05365526492287056,0.05365526492287056,0.09967960128159488,0.21875,0.3225806451612903,0.6774193548387096,0.78125,0.5,0.448,0.568,0.429,0.4,0.478,0.5806451612903226,0.5431034482758621,0.2903225806451613,0.1896551724137931,86,72
2024,2024-04-06-18-purdue,2024-04-06,https://www.sports-reference.com/cbb/boxscores/2024-04-06-18-purdue.html,NC State,21,57,0.368,16,38,0.421,5,19,0.263,3,4,0.75,6,22,28,10,8,3,11,13,50,Purdue,22,55,0.4,12,30,0.4,10,25,0.4,9,10,0.9,10,28,38,13,5,2,14,8,63,0,1,Purdue,NC State,13,-13,13,63.9,63.75,63.825,78.33920877399137,98.70740305522914,98.70740305522914,78.33920877399137,0.41228070175438597,0.4909090909090909,0.4244482173174873,0.5271966527196653,0.07017543859649122,0.18181818181818182,0.3333333333333333,0.45454545454545453,0.1573676680972818,0.18983050847457628,0.18983050847457628,0.1573676680972818,0.17647058823529413,0.3125,0.6875,0.8235294117647058,0.4,0.368,0.4,0.421,0.4,0.263,0.4909090909090909,0.41228070175438597,0.18181818181818182,0.07017543859649122,63,50
2024,2024-04-08-21-purdue,2024-04-08,https://www.sports-reference.com/cbb/boxscores/2024-04-08-21-purdue.html,Purdue,24,54,0.444,23,47,0.489,1,7,0.143,11,15,0.733,8,19,27,8,3,3,9,15,60,Connecticut,30,62,0.484,24,40,0.6,6,22,0.273,9,11,0.818,13,19,32,18,3,4,6,18,75,0,1,Connecticut,Purdue,15,-15,15,62.125,60.225,61.175,98.07928075194116,122.59910093992646,122.59910093992646,98.07928075194116,0.4537037037037037,0.532258064516129,0.49079754601226994,0.5578281889178134,0.2777777777777778,0.1774193548387097,0.12962962962962962,0.3548387096774194,0.12834224598930483,0.08193922840559918,0.08193922840559918,0.12834224598930483,0.2962962962962963,0.40625,0.59375,0.7037037037037037,0.484,0.444,0.6,0.489,0.273,0.143,0.532258064516129,0.4537037037037037,0.1774193548387097,0.2777777777777778,75,60
